name,sport,nationality,age,weight_kg,height_cm,bmi
ABBAS Muhammad,Alpine Skiing,Pakistan,23,55.0,168.0,19.5
ABBOTT Jeremy,Figure Skating,United States,24,,175.0,
ABLAEV Enver,Freestyle Skiing,Ukraine,30,68.0,169.0,23.8
ABRAMASHVILI Iason,Alpine Skiing,Georgia,21,82.0,176.0,26.5
ABRAMENKO Evgeny,Biathlon,Belarus,22,81.0,180.0,25.0
ABRAMENKO Oleksandr,Freestyle Skiing,Ukraine,21,74.0,179.0,23.1
ABRAMOVA Yekaterina,Speed Skating,Russia,27,65.0,167.0,23.3
ABRAMOVITCH Dmitry,Bobsleigh,Russia,27,96.0,182.0,29.0
ACHI Ghassan,Alpine Skiing,Lebanon,16,60.0,168.0,21.3
ACTON Brigitte,Alpine Skiing,Canada,24,63.0,167.0,22.6
ADJEI Richard,Bobsleigh,Germany,27,110.0,190.0,30.5
AEBLI Christian,Bobsleigh,Switzerland,31,97.0,180.0,29.9
AFINOGENOV Maxim,Ice Hockey,Russia,30,88.0,183.0,26.3
AGOSTA Meghan,Ice Hockey,Canada,23,66.0,168.0,23.4
AGOSTO Benjamin,Figure Skating,United States,28,,178.0,
AHN Jee-Min,Speed Skating,South Korea,17,52.0,163.0,19.6
AHONEN Janne,Ski Jumping,Finland,32,66.0,184.0,19.5
AINSWORTH Sarah,Freestyle Skiing,Great Britain,24,61.0,170.0,21.1
ALBERTSEN Johnny,Alpine Skiing,Denmark,32,87.0,171.0,29.8
ALBRECHT Kilian,Alpine Skiing,Bulgaria,36,72.0,181.0,22.0
ALCOTT Chemmy,Alpine Skiing,Great Britain,27,70.0,170.0,24.2
ALEXANDER Nicholas,Ski Jumping,United States,21,61.0,180.0,18.8
ALFREDSSON Daniel,Ice Hockey,Sweden,37,90.0,182.0,27.2
ALMOUKOV Alexei,Biathlon,Australia,19,71.0,183.0,21.2
AMBUHL Andres,Ice Hockey,Switzerland,26,84.0,176.0,27.1
AMMANN Simon,Ski Jumping,Switzerland,28,58.0,173.0,19.4
AMODIO Florent,Figure Skating,France,19,,165.0,
ANANINA Ekaterina,Ice Hockey,Russia,18,62.0,172.0,21.0
ANDERSEN Jonas,Ice Hockey,Norway,28,85.0,184.0,25.1
ANDERSON Jasey Jay,Snowboard,Canada,34,80.0,178.0,25.2
ANDERSSON Emilia,Ice Hockey,Sweden,21,73.0,175.0,23.8
ANDERSSON Gunilla,Ice Hockey,Sweden,34,69.0,169.0,24.2
ANDERSSON Lina,Cross-Country Skiing,Sweden,28,67.0,180.0,20.7
ANDO Miki,Figure Skating,Japan,22,,162.0,
ANDREI Ionut,Bobsleigh,Romania,24,107.0,193.0,28.7
ANESI Matteo,Speed Skating,Italy,25,79.0,184.0,23.3
ANEV Krasimir,Biathlon,Bulgaria,22,73.0,173.0,24.4
ANGERER Karl,Bobsleigh,Germany,30,99.0,186.0,28.6
ANGERER Tobias,Cross-Country Skiing,Germany,32,72.0,179.0,22.5
ANGERMULLER Monique,Speed Skating,Germany,26,71.0,175.0,23.2
ANGHEL Andrei,Luge,Romania,20,74.0,170.0,25.6
ANGIBOUST Tony,Curling,France,26,,177.0,
ANKIPANS Girts,Ice Hockey,Latvia,34,88.0,186.0,25.4
ANSCHUTZ THOMS Daniela,Speed Skating,Germany,35,62.0,165.0,22.8
ANTHAMATTEN Sophie,Ice Hockey,Switzerland,18,74.0,172.0,25.0
ANTHONIOZ Deborah,Snowboard,France,31,52.0,165.0,19.1
ANTILA Timo,Biathlon,Finland,29,71.0,176.0,22.9
ANTONENKO Oleg,Ice Hockey,Belarus,38,92.0,187.0,26.3
ANTONOVA Elena,Cross-Country Skiing,Kazakhstan,38,62.0,176.0,20.0
ANTSYBOR Maryna,Cross-Country Skiing,Ukraine,22,54.0,161.0,20.8
AONO Ryo,Snowboard,Japan,19,60.0,166.0,21.8
APPS Gillian,Ice Hockey,Canada,26,80.0,183.0,23.9
ARAPBAYEVA Zhibek,Freestyle Skiing,Kazakhstan,18,,,
ARHIPOVS Mihails,Bobsleigh,Latvia,25,95.0,183.0,28.4
ARRITOLA Morgan,Cross-Country Skiing,United States,23,53.0,163.0,19.9
ASADA Mao,Figure Skating,Japan,19,,163.0,
ASAZU Konomi,Bobsleigh,Japan,23,71.0,175.0,23.2
ASIKAINEN Lauri,Nordic Combined,Finland,20,62.0,173.0,20.7
ASSERHOLT Jenni,Ice Hockey,Sweden,21,73.0,172.0,24.7
AUBERT Sandrine,Alpine Skiing,France,27,66.0,181.0,20.1
AUSTBO Fredrik,Snowboard,Norway,21,,,
AYDOVA Yekaterina,Speed Skating,Kazakhstan,18,70.0,164.0,26.0
AZEVEDO Emily,Bobsleigh,United States,26,79.0,173.0,26.4
AZZIMANI Samir,Alpine Skiing,Morocco,32,,,
BABENKO Dmitry,Speed Skating,Kazakhstan,24,70.0,184.0,20.7
BABIAKOVA Petra,Ice Hockey,Slovakia,32,63.0,171.0,21.5
BABIKOV Ivan,Cross-Country Skiing,Canada,29,69.0,172.0,23.3
BABONYOVA Natalie,Ice Hockey,Slovakia,26,55.0,164.0,20.4
BABUSIAK Jaroslav,Alpine Skiing,Slovakia,25,84.0,178.0,26.5
BACCHINI Paolo,Figure Skating,Italy,24,,169.0,
BACHLEDA-CURUS Katarzyna,Speed Skating,Poland,30,64.0,170.0,22.1
BACHMANN Tina,Biathlon,Germany,23,65.0,183.0,19.4
BACKES David,Ice Hockey,United States,25,102.0,191.0,28.0
BACKSTROM Nicklas,Ice Hockey,Sweden,22,85.0,184.0,25.1
BACKSTROM Niklas,Ice Hockey,Finland,32,88.0,184.0,26.0
BAECK Axel,Alpine Skiing,Sweden,22,82.0,180.0,25.3
BAHRKE Shannon,Freestyle Skiing,United States,29,58.0,163.0,21.8
BAILEY Lowell,Biathlon,United States,28,77.0,183.0,23.0
BAILLY Sandrine,Biathlon,France,30,58.0,173.0,19.4
BAJCICAK Martin,Cross-Country Skiing,Slovakia,33,70.0,169.0,24.5
BAKES David,Snowboard,Czech Republic,27,87.0,191.0,23.8
BAKOS Michael,Ice Hockey,Germany,30,96.0,190.0,26.6
BALAN Serghei,Cross-Country Skiing,Moldova,22,72.0,180.0,22.2
BANK Ondrej,Alpine Skiing,Czech Republic,29,86.0,176.0,27.8
BARAHONA Noelle,Alpine Skiing,Chile,19,75.0,173.0,25.1
BARANKA Ivan,Ice Hockey,Slovakia,24,91.0,188.0,25.7
BARDAL Anders,Ski Jumping,Norway,27,,186.0,
BARIOZ Taina,Alpine Skiing,France,21,57.0,164.0,21.2
BARMASHOV Dmitriy,Freestyle Skiing,Kazakhstan,24,68.0,171.0,23.3
BARNES Lanny,Biathlon,United States,27,54.0,160.0,21.1
BARRETT Jeremy,Figure Skating,United States,25,,175.0,
BARRON Peter-James,Cross-Country Skiing,Ireland,20,70.0,174.0,23.1
BARTECKO Lubos,Ice Hockey,Slovakia,33,86.0,183.0,25.7
BARTEL Cori,Curling,Canada,38,,165.0,
BARTHELEMY Laure,Cross-Country Skiing,France,21,60.0,167.0,21.5
BARTHET Anne-Sophie,Alpine Skiing,France,21,70.0,170.0,24.2
BARTULIS Oskars,Ice Hockey,Latvia,23,87.0,186.0,25.1
BARUCHA Andreas,Bobsleigh,Germany,30,94.0,181.0,28.7
BASSANI ANTIVARI Gaia,Alpine Skiing,Azerbaijan,31,60.0,167.0,21.5
BASTIANSEN Anders,Ice Hockey,Norway,29,94.0,190.0,26.0
BASTILLE Guillaume,Short Track,Canada,24,70.0,176.0,22.6
BATCHELOR Jeff,Snowboard,Canada,21,75.0,170.0,26.0
BATES Evan,Figure Skating,United States,20,,188.0,
BATORY Ivan,Cross-Country Skiing,Slovakia,34,82.0,188.0,23.2
BAUER Armin,Nordic Combined,Italy,19,66.0,174.0,21.8
BAUER Klemen,Biathlon,Slovenia,24,77.0,183.0,23.0
BAUER Lukas,Cross-Country Skiing,Czech Republic,32,73.0,181.0,22.3
BAUER Veronika,Freestyle Skiing,Canada,30,62.0,165.0,22.8
BAUMANN Alex,Bobsleigh,Switzerland,24,100.0,180.0,30.9
BAUMANN Romed,Alpine Skiing,Austria,24,91.0,184.0,26.9
BAUMGARTNER Nick,Snowboard,United States,28,93.0,183.0,27.8
BAVER Allison,Short Track,United States,29,57.0,160.0,22.3
BAZAROVA Vera,Figure Skating,Russia,17,,160.0,
BEAN Nicolas,Short Track,Italy,22,63.0,170.0,21.8
BEATRIX Jean Guillaume,Biathlon,France,21,65.0,173.0,21.7
BECAERT Sylvie,Biathlon,France,34,54.0,166.0,19.6
BECK Martina,Biathlon,Germany,30,50.0,156.0,20.5
BECK Timothy,Bobsleigh,Netherlands,33,87.0,177.0,27.8
BECKER Robert,Short Track,Germany,22,75.0,184.0,22.2
BECKERT Patrick,Speed Skating,Germany,19,74.0,180.0,22.8
BECKERT Stephanie,Speed Skating,Germany,21,69.0,172.0,23.3
BEDFORD Ryan,Speed Skating,United States,23,82.0,185.0,24.0
BEDNARIK Nina,Freestyle Skiing,Slovenia,27,65.0,160.0,25.4
BEGG-SMITH Dale,Freestyle Skiing,Australia,25,75.0,186.0,21.7
BEIER Christina,Figure Skating,Germany,25,,170.0,
BEIER William,Figure Skating,Germany,27,,172.0,
BEKZHANOV Aidar,Short Track,Kazakhstan,16,70.0,174.0,23.1
BELBIN Tanith,Figure Skating,United States,25,,168.0,
BELLAMY Kacey,Ice Hockey,United States,22,66.0,174.0,21.8
BELYAKOVA Olga,Short Track,Russia,21,59.0,176.0,19.0
BENE Marton,Alpine Skiing,Hungary,23,87.0,184.0,25.7
BENNA Anthony,Freestyle Skiing,France,22,72.0,172.0,24.3
BENSHOOF Tony,Luge,United States,34,91.0,185.0,26.6
BENTON John,Curling,United States,40,,185.0,
BENZ Laura,Ice Hockey,Switzerland,17,57.0,170.0,19.7
BENZ Sara,Ice Hockey,Switzerland,17,55.0,163.0,20.7
BERECZ Anna,Alpine Skiing,Hungary,21,74.0,173.0,24.7
BERGER Lars,Cross-Country Skiing,Norway,30,,,
BERGER Lars,Biathlon,Norway,30,,,
BERGER Sergio,Snowboard,Switzerland,27,72.0,176.0,23.2
BERGER Tora,Biathlon,Norway,28,,,
BERGERON Patrice,Ice Hockey,Canada,24,88.0,188.0,24.9
BERGIN Claire,Bobsleigh,Ireland,25,68.0,168.0,24.1
BERGINZ Juergen,Bobsleigh,Liechtenstein,20,90.0,187.0,25.7
BERGMAN Carl Johan,Biathlon,Sweden,31,70.0,174.0,23.1
BERGSTROEM Kajsa,Curling,Sweden,29,,171.0,
BERKELEY Charles,Bobsleigh,United States,33,104.0,196.0,27.1
BERLOT Gasper,Nordic Combined,Slovenia,19,70.0,184.0,20.7
BERMBACH Gregor,Bobsleigh,Germany,28,98.0,183.0,29.3
BERNARD Cheryl,Curling,Canada,43,,163.0,
BERNOTAS Eric,Skeleton,United States,38,,,
BERNTSEN Hedda,Freestyle Skiing,Norway,33,,,
BERTAZZO Simone,Bobsleigh,Italy,27,102.0,184.0,30.1
BERTHOD Marc,Alpine Skiing,Switzerland,26,85.0,180.0,26.2
BERTRAND Olivia,Alpine Skiing,France,21,54.0,158.0,21.6
BERZINS Armands,Ice Hockey,Latvia,26,90.0,192.0,24.4
BEZINA Goran,Ice Hockey,Switzerland,29,99.0,189.0,27.7
BIEGA Maciej,Speed Skating,Poland,21,70.0,178.0,22.1
BIELER Christoph,Nordic Combined,Austria,32,70.0,182.0,21.1
BIGGS Patrick,Alpine Skiing,Canada,27,82.0,188.0,23.2
BILANENKO Olexander,Biathlon,Ukraine,32,76.0,183.0,22.7
BILODEAU Alexandre,Freestyle Skiing,Canada,22,76.0,173.0,25.4
BIRNBACHER Andreas,Biathlon,Germany,28,74.0,179.0,23.1
BISSETT David,Bobsleigh,Canada,30,102.0,179.0,31.8
BIVESON Daniel,Snowboard,Sweden,33,78.0,175.0,25.5
BJERKE Desiree,Skeleton,Norway,38,,,
BJOERGEN Marit,Cross-Country Skiing,Norway,29,,,
BJOERGVINSSON Bjoergvin,Alpine Skiing,Iceland,30,86.0,180.0,26.5
BJOERNDALEN Ole Einar,Biathlon,Norway,36,,,
BJOERNLUND Jesper,Freestyle Skiing,Sweden,24,80.0,197.0,20.6
BLARDONE Massimiliano,Alpine Skiing,Italy,30,80.0,172.0,27.0
BLATAK Miroslav,Ice Hockey,Czech Republic,27,83.0,184.0,24.5
BLEILER Gretchen,Snowboard,United States,28,57.0,165.0,20.9
BLINDENBACHER Severin,Ice Hockey,Switzerland,26,88.0,180.0,27.2
BLOKHUIJSEN Jan,Speed Skating,Netherlands,20,81.0,184.0,23.9
BOBAK Paulina,Biathlon,Poland,25,57.0,166.0,20.7
BOBROVA Ekaterina,Figure Skating,Russia,19,,165.0,
BOCCACINI Corinna,Snowboard,Italy,24,83.0,173.0,27.7
BOCKLI Claudio,Biathlon,Switzerland,25,76.0,179.0,23.7
BODMER Pascal,Ski Jumping,Germany,19,58.0,176.0,18.7
BOE Tarjei,Biathlon,Norway,21,,,
BOEHLER Stefanie,Cross-Country Skiing,Germany,28,54.0,170.0,18.7
BOER Margot,Speed Skating,Netherlands,24,72.0,182.0,21.7
BOEUF Alexis,Biathlon,France,23,65.0,172.0,22.0
BOGALIY-TITOVETS Anna,Biathlon,Russia,30,63.0,167.0,22.6
BOGDANOV Martin,Biathlon,Bulgaria,24,57.0,166.0,20.7
BOHMANN Martin,Bobsleigh,Czech Republic,29,93.0,180.0,28.7
BOIT Philip,Cross-Country Skiing,Kenya,38,75.0,175.0,24.5
BOIVIN Francois,Snowboard,Canada,27,70.0,170.0,24.2
BOKKO Havard,Speed Skating,Norway,23,,,
BOKKO Hege,Speed Skating,Norway,18,,,
BOLDYKOV Andrey,Snowboard,Russia,26,85.0,180.0,26.2
BOLDYKOVA Svetlana,Snowboard,Russia,27,64.0,165.0,23.5
BONHEUR Yannick,Figure Skating,France,27,,183.0,
BONHOMME Tessa,Ice Hockey,Canada,24,63.0,170.0,21.8
BONSAKSEN Alexander,Ice Hockey,Norway,23,83.0,180.0,25.6
BORODULIN Artem,Figure Skating,Russia,20,,177.0,
BORODULINA Tatiana,Short Track,Australia,25,52.0,156.0,21.4
BORSSEN Therese,Alpine Skiing,Sweden,25,65.0,174.0,21.5
BOS Jan,Speed Skating,Netherlands,34,85.0,190.0,23.5
BOSHCHUK Volodymyr,Ski Jumping,Ukraine,27,56.0,170.0,19.4
BOTTERILL Jennifer,Ice Hockey,Canada,30,71.0,175.0,23.2
BOTTOMLEY Esther,Cross-Country Skiing,Australia,27,58.0,167.0,20.8
BOULYGINA Anna,Biathlon,Russia,26,61.0,166.0,22.1
BOURGEOIS Celia,Cross-Country Skiing,France,26,56.0,169.0,19.6
BOURZAT Fabian,Figure Skating,France,29,,183.0,
BOUVIER Stephanie,Short Track,France,28,60.0,164.0,22.3
BOYD-CLOWES Mackenzie,Ski Jumping,Canada,18,64.0,184.0,18.9
BOYLE Dan,Ice Hockey,Canada,33,87.0,181.0,26.6
BOZZETTO Mathieu,Snowboard,France,36,90.0,185.0,26.3
BRADFORD Rebekah,Speed Skating,United States,26,70.0,180.0,21.6
BRAICHENKO Nikolay,Biathlon,Kazakhstan,23,72.0,180.0,22.2
BRANCH Craig,Alpine Skiing,Australia,33,83.0,175.0,27.1
BRANDENBURG Will,Alpine Skiing,United States,23,89.0,185.0,26.0
BRANKOVIC-LIKOZAR Tadeja,Biathlon,Slovenia,30,65.0,163.0,24.5
BRAUD Francois,Nordic Combined,France,23,64.0,177.0,20.4
BRAUER Jono,Alpine Skiing,Australia,28,86.0,177.0,27.5
BRAY Juliane,Snowboard,New Zealand,34,70.0,167.0,25.1
BREM Eva-Maria,Alpine Skiing,Austria,21,57.0,160.0,22.3
BREMOVA Barbora,Ice Hockey,Slovakia,18,60.0,168.0,21.3
BRENDENGEN JENSEN Julie,Freestyle Skiing,Norway,19,,,
BRETZ Gregory,Snowboard,United States,19,82.0,183.0,24.5
BREZINA Michal,Figure Skating,Czech Republic,19,,172.0,
BRIAND Pascal,Speed Skating,France,33,75.0,183.0,22.4
BRICE Anete,Cross-Country Skiing,Latvia,18,50.0,164.0,18.6
BRICIS Ilmars,Biathlon,Latvia,39,73.0,181.0,22.3
BRIGHT Torah,Snowboard,Australia,23,50.0,160.0,19.5
BRIGNONE Federica,Alpine Skiing,Italy,19,57.0,168.0,20.2
BROCARD Elisa,Cross-Country Skiing,Italy,25,51.0,162.0,19.4
BRODEUR Martin,Ice Hockey,Canada,37,98.0,188.0,27.7
BRODKA Zbigniew,Speed Skating,Poland,25,84.0,183.0,25.1
BROKS Raivis,Bobsleigh,Latvia,25,98.0,192.0,26.6
BROMLEY Kristan,Skeleton,Great Britain,37,77.0,178.0,24.3
BROOKS Holly,Cross-Country Skiing,United States,27,62.0,168.0,22.0
BROWN Dustin,Ice Hockey,United States,25,94.0,183.0,28.1
BROWN Kendall,Snowboard,New Zealand,20,46.0,153.0,19.7
BROWN Lascelles,Bobsleigh,Canada,35,100.0,182.0,30.2
BROWN Mitchell,Snowboard,New Zealand,22,74.0,169.0,25.9
BROWN Shelly-Ann,Bobsleigh,Canada,29,75.0,173.0,25.1
BROZNIC Nina,Cross-Country Skiing,Croatia,18,65.0,175.0,21.2
BRUNET Marie Laure,Biathlon,France,21,54.0,165.0,19.8
BRUN-LIE Celine,Cross-Country Skiing,Norway,21,,,
BRUTTO Raffaella,Snowboard,Italy,22,58.0,162.0,22.1
BRYDON Emily,Alpine Skiing,Canada,29,90.0,181.0,27.5
BRYZGALOV Ilya,Ice Hockey,Russia,29,90.0,190.0,24.9
BUAAS Kjersti,Snowboard,Norway,28,,,
BUCHER Silvana,Cross-Country Skiing,Switzerland,26,55.0,164.0,20.4
BUCKLAND Nicholas,Figure Skating,Great Britain,20,,182.0,
BUCSIS Anastasia,Speed Skating,Canada,20,67.0,178.0,21.1
BUDAJ Peter,Ice Hockey,Slovakia,27,90.0,185.0,26.3
BUDAJOVA Jana,Ice Hockey,Slovakia,17,62.0,170.0,21.5
BUECHEL Marco,Alpine Skiing,Liechtenstein,38,93.0,186.0,26.9
BULLO Nicole,Ice Hockey,Switzerland,22,54.0,160.0,21.1
BURIC Andrej,Cross-Country Skiing,Croatia,21,80.0,188.0,22.6
BURILLE Arnaud,Freestyle Skiing,France,21,68.0,180.0,21.0
BURINA Tatiana,Ice Hockey,Russia,29,70.0,165.0,25.7
BURKE Tim,Biathlon,United States,28,73.0,180.0,22.5
BUSSLER Patrick,Snowboard,Germany,25,81.0,183.0,24.2
BUTENSCHON Sven,Ice Hockey,Germany,33,96.0,192.0,26.0
BYERS Euan,Curling,Great Britain,35,,173.0,
BYGGMARK Jens,Alpine Skiing,Sweden,24,85.0,180.0,26.2
BZURA Paula,Short Track,Poland,19,61.0,167.0,21.9
CADUFF Fabio,Snowboard,Switzerland,24,70.0,167.0,25.1
CAFE Tim,Alpine Skiing,New Zealand,22,78.0,173.0,26.1
CAHOW Caitlin,Ice Hockey,United States,24,68.0,163.0,25.6
CAI Xuetong,Snowboard,China,16,55.0,161.0,21.2
CAJANEK Petr,Ice Hockey,Czech Republic,34,80.0,181.0,24.4
CALDER Katherine,Cross-Country Skiing,New Zealand,29,53.0,163.0,19.9
CALDWELL Ashley,Freestyle Skiing,United States,16,66.0,170.0,22.8
CALLAHAN Ryan,Ice Hockey,United States,24,85.0,180.0,26.2
CALVE Caroline,Snowboard,Canada,31,74.0,177.0,23.6
CAMENSCIC Alexandra,Cross-Country Skiing,Moldova,21,48.0,158.0,19.2
CAMEROTA Brett,Nordic Combined,United States,25,59.0,167.0,21.2
CAMPBELL-PEGG Hannah,Luge,Australia,27,72.0,170.0,24.9
CAPPELLINI Anna,Figure Skating,Italy,22,,163.0,
CARCELEN Roberto,Cross-Country Skiing,Peru,39,75.0,174.0,24.8
CARDELLI Marino,Alpine Skiing,San Marino,22,75.0,180.0,23.1
CARRAZ COLLIN Julie,Biathlon,France,29,63.0,168.0,22.3
CASTELLET Queralt,Snowboard,Spain,20,52.0,156.0,21.4
CELAROVA Nikoleta,Ice Hockey,Slovakia,26,68.0,173.0,22.7
CELSKI J.R.,Short Track,United States,19,64.0,173.0,21.4
CERVENKA Roman,Ice Hockey,Czech Republic,24,85.0,181.0,25.9
CETINKAYA Kelime,Cross-Country Skiing,Turkey,27,54.0,160.0,21.1
CHAMOUN Jacky,Alpine Skiing,Lebanon,18,56.0,172.0,18.9
CHAN Patrick,Figure Skating,Canada,19,,168.0,
CHAPOTOT Claire,Snowboard,France,20,63.0,169.0,22.1
CHARA Zdeno,Ice Hockey,Slovakia,32,115.0,205.0,27.4
CHATAIGNIER Maxime,Short Track,France,21,65.0,165.0,23.9
CHEBOTKO Nikolay,Cross-Country Skiing,Kazakhstan,27,73.0,178.0,23.0
CHECCHI Valerio,Cross-Country Skiing,Italy,29,75.0,180.0,23.1
CHEDAL Emmanuel,Ski Jumping,France,27,67.0,184.0,19.8
CHENG Shuang,Freestyle Skiing,China,23,50.0,160.0,19.5
CHEREPANOV Sergey,Cross-Country Skiing,Kazakhstan,24,69.0,181.0,21.1
CHERKASOVA Marina,Freestyle Skiing,Russia,37,62.0,164.0,23.1
CHERVYHKOV Alexsandr,Biathlon,Kazakhstan,29,80.0,180.0,24.7
CHESSON Lisa,Ice Hockey,United States,23,66.0,169.0,23.1
CHETROIU Cosmin,Luge,Romania,22,85.0,182.0,25.7
CHIPEUR Vaughn,Figure Skating,Canada,25,,168.0,
CHIRAS Mihaela,Luge,Romania,22,56.0,167.0,20.1
CHMELAR Fanny,Alpine Skiing,Germany,24,83.0,187.0,23.7
CHMURA Slawomir,Speed Skating,Poland,26,78.0,181.0,23.8
CHO Ha-Ri,Short Track,South Korea,23,54.0,167.0,19.4
CHO In Ho,Skeleton,South Korea,31,75.0,173.0,25.1
CHO Simon,Short Track,United States,18,69.0,183.0,20.6
CHOI Heung-Chul,Ski Jumping,South Korea,28,62.0,174.0,20.5
CHOI Jung-Won,Short Track,South Korea,19,57.0,167.0,20.4
CHOI Yong-Jik,Ski Jumping,South Korea,27,53.0,162.0,20.2
CHOLEWINSKI Lauren,Speed Skating,United States,21,65.0,173.0,21.7
CHRISTIANSEN Henrik,Speed Skating,Norway,27,,,
CHRISTIE Elise,Short Track,Great Britain,19,54.0,160.0,21.1
CHRISTIE Jeff,Luge,Canada,27,89.0,183.0,26.6
CHRUSCINSKI Mateusz,Figure Skating,Poland,22,,180.0,
CHU Julie,Ice Hockey,United States,27,67.0,174.0,22.1
CHUDINOV Sergei,Skeleton,Russia,26,82.0,185.0,24.0
CHUIKOVA Ekaterina,Cross-Country Skiing,Russia,23,59.0,170.0,20.4
CHUNDAK Annamari,Snowboard,Ukraine,19,56.0,166.0,20.3
CHURAVY Pavel,Nordic Combined,Czech Republic,32,69.0,179.0,21.5
CHYTHLOOK-SIFSOF Callan,Snowboard,United States,21,65.0,163.0,24.5
CIBAK Martin,Ice Hockey,Slovakia,29,88.0,185.0,25.7
CIKL Martin,Ski Jumping,Czech Republic,22,60.0,176.0,19.4
CIPULIS Martins,Ice Hockey,Latvia,29,82.0,181.0,25.0
CLARA Roland,Cross-Country Skiing,Italy,27,64.0,174.0,21.1
CLAREY Johan,Alpine Skiing,France,29,98.0,191.0,26.9
CLARK Kelly,Snowboard,United States,26,61.0,163.0,23.0
CLARK RIBEIRO Isabel,Snowboard,Brazil,33,61.0,168.0,21.6
CLEGG Robin,Biathlon,Canada,32,70.0,175.0,22.9
CLUKEY Julia,Luge,United States,24,68.0,175.0,22.2
COCHRAN Jimmy,Alpine Skiing,United States,28,82.0,183.0,24.5
COCKERLINE Ian,Luge,Canada,25,89.0,181.0,27.2
COLA Mattia,Biathlon,Italy,25,73.0,178.0,23.0
COLAS Guilbaut,Freestyle Skiing,France,26,73.0,176.0,23.6
COLETTI Alexandra,Alpine Skiing,Monaco,26,60.0,164.0,22.3
COLLOREDO Sebastian,Ski Jumping,Italy,22,65.0,176.0,21.0
COLOGNA Dario,Cross-Country Skiing,Switzerland,23,74.0,179.0,23.1
COMPTON Caitlin,Cross-Country Skiing,United States,29,57.0,165.0,20.9
CONDON Allyn,Bobsleigh,Great Britain,35,85.0,178.0,26.8
CONFORTOLA WYATT Antonella,Cross-Country Skiing,Italy,34,53.0,170.0,18.3
CONFORTOLA Yuri,Short Track,Italy,23,68.0,169.0,23.8
CONNAL Graeme,Curling,Great Britain,40,,178.0,
CONRAD Sarah,Snowboard,Canada,24,58.0,162.0,22.1
CONTESTI Samuel,Figure Skating,Italy,26,,181.0,
CONTIN Alexis,Speed Skating,France,23,73.0,182.0,22.0
COOK Emily,Freestyle Skiing,United States,30,54.0,160.0,21.1
COOK Stacey,Alpine Skiing,United States,25,70.0,163.0,26.3
COOKE Gillian,Bobsleigh,Great Britain,27,70.0,173.0,23.4
COOMES Penny,Figure Skating,Great Britain,20,,152.0,
COOPER Jacqui,Freestyle Skiing,Australia,37,65.0,175.0,21.2
COOPER Ramone,Freestyle Skiing,Australia,21,78.0,177.0,24.9
COSTAZZA Chiara,Alpine Skiing,Italy,25,65.0,171.0,22.2
COUSINEAU Julien,Alpine Skiing,Canada,29,90.0,173.0,30.1
COX Britteny,Freestyle Skiing,Australia,15,54.0,160.0,21.1
CRACIUN Florin Cezar,Bobsleigh,Romania,20,93.0,185.0,27.2
CRAWFORD Chandra,Cross-Country Skiing,Canada,26,68.0,170.0,23.5
CRAWFORD Holly,Snowboard,Australia,26,69.0,172.0,23.3
CRAWFORD Rosanna,Biathlon,Canada,21,67.0,180.0,20.7
CREMA Katya,Freestyle Skiing,Australia,21,61.0,174.0,20.1
CREPEL Mathieu,Snowboard,France,25,64.0,170.0,22.1
CRETU Valentin,Luge,Romania,20,82.0,185.0,24.0
CRONE Vanessa,Figure Skating,Canada,19,,160.0,
CROSBY Sidney,Ice Hockey,Canada,22,91.0,181.0,27.8
CUCHE Didier,Alpine Skiing,Switzerland,35,89.0,174.0,29.4
CUI Shanshan,Ice Hockey,China,22,67.0,177.0,21.4
CUINET Aurore,Cross-Country Skiing,France,24,62.0,175.0,20.2
CULIKOVA Janka,Ice Hockey,Slovakia,22,58.0,168.0,20.5
CUNNINGHAM Nick,Bobsleigh,United States,24,98.0,180.0,30.2
CUPKOVA Nicol,Ice Hockey,Slovakia,17,60.0,174.0,19.8
CURIONE Laura,Bobsleigh,Italy,21,65.0,167.0,23.3
CYL Agnieszka,Biathlon,Poland,25,51.0,158.0,20.4
CZERWONKA Natalia,Speed Skating,Poland,21,69.0,176.0,22.3
DALY John,Skeleton,United States,24,81.0,175.0,26.4
DAMBIS Intars,Bobsleigh,Latvia,26,94.0,186.0,27.2
DAMJAN Jernej,Ski Jumping,Slovenia,26,56.0,171.0,19.2
DAMJANOVSKI Darko,Cross-Country Skiing,Macedonia,28,72.0,180.0,22.2
DANILEVIC Ivo,Bobsleigh,Czech Republic,39,105.0,187.0,30.0
DANOU Maria,Cross-Country Skiing,Greece,19,52.0,168.0,18.4
DARAZS Peter,Short Track,Hungary,24,83.0,186.0,24.0
DARAZS Rozsa,Short Track,Hungary,22,65.0,180.0,20.1
DARRAGON Roddy,Cross-Country Skiing,France,26,79.0,183.0,23.6
DARWITZ Natalie,Ice Hockey,United States,26,65.0,160.0,25.4
DARZINS Lauris,Ice Hockey,Latvia,25,90.0,189.0,25.2
DASDEMIR Tugba,Alpine Skiing,Turkey,24,63.0,165.0,23.1
DASHINSKI Dmitri,Freestyle Skiing,Belarus,32,68.0,170.0,23.5
DATSYUK Pavel,Ice Hockey,Russia,31,88.0,182.0,26.6
DAUGAVINS Kaspars,Ice Hockey,Latvia,21,85.0,178.0,26.8
DAUTHERIVES Claire,Alpine Skiing,France,27,70.0,164.0,26.0
DAVID Ophelie,Freestyle Skiing,France,33,62.0,172.0,21.0
DAVIS Meryl,Figure Skating,United States,23,,160.0,
DAVIS Shani,Speed Skating,United States,27,84.0,191.0,23.0
DAVISON Bryce,Figure Skating,Canada,24,,183.0,
DE FAUCOMPRET Camille,Snowboard,France,24,54.0,160.0,21.1
de JONG Bob,Speed Skating,Netherlands,33,82.0,180.0,25.3
de la CUESTA Paul,Alpine Skiing,Spain,21,76.0,173.0,25.4
DE LE RUE Paul-Henri,Snowboard,France,25,82.0,176.0,26.5
DE LE RUE Xavier,Snowboard,France,30,87.0,176.0,28.1
de LORENZI Christian,Biathlon,Italy,28,66.0,173.0,22.1
DE TESSIERES Gauthier,Alpine Skiing,France,28,80.0,176.0,25.8
de VRIES Elma,Speed Skating,Netherlands,26,63.0,174.0,20.8
DEANE Anthony,Skeleton,Australia,25,80.0,176.0,25.8
DEFAGO Didier,Alpine Skiing,Switzerland,32,89.0,184.0,26.3
DEFRASNE Vincent,Biathlon,France,32,63.0,174.0,20.8
DEJIMA Shigeyuki,Speed Skating,Japan,27,70.0,170.0,24.2
DELBOSCO Christopher,Freestyle Skiing,Canada,27,96.0,185.0,28.0
DELGADO Rocio,Freestyle Skiing,Spain,32,61.0,164.0,22.7
DELLA MONICA Nicole,Figure Skating,Italy,20,,155.0,
DELLASEGA Roberto,Ski Jumping,Italy,19,70.0,183.0,20.9
DELOBEL Isabelle,Figure Skating,France,31,,163.0,
DEMAGIN Sergei,Ice Hockey,Belarus,23,80.0,183.0,23.9
DEMITRA Pavol,Ice Hockey,Slovakia,35,91.0,183.0,27.2
DEMONG Bill,Nordic Combined,United States,29,66.0,179.0,20.6
DEMTSCHENKO Albert,Luge,Russia,38,103.0,184.0,30.4
DENEEN Patrick,Freestyle Skiing,United States,22,79.0,170.0,27.3
DENISOV Vladimir,Ice Hockey,Belarus,25,94.0,181.0,28.7
DENNEY Caydee,Figure Skating,United States,16,,152.0,
DENZLER Cynthia,Alpine Skiing,Colombia,26,52.0,161.0,20.1
DEPETERS Matthew,Freestyle Skiing,United States,22,70.0,173.0,23.4
DERKACH Vyacheslav,Biathlon,Ukraine,33,70.0,173.0,23.4
DERRICK Kimberly,Short Track,United States,24,56.0,165.0,20.6
DERUNS Thomas,Ice Hockey,Switzerland,27,86.0,186.0,24.9
DERYZEMLYA Andriy,Biathlon,Ukraine,32,78.0,188.0,22.1
DESCOMBES SEVOIE Vincent,Ski Jumping,France,26,58.0,173.0,19.4
DESMARES Nathalie,Snowboard,France,37,54.0,164.0,20.1
DETKOV Stanislav,Snowboard,Russia,29,72.0,165.0,26.4
DETTLING Andrea,Alpine Skiing,Switzerland,23,67.0,170.0,23.2
DEULINA Yulia,Ice Hockey,Russia,25,62.0,173.0,20.7
DEVILLE Cristian,Alpine Skiing,Italy,29,81.0,174.0,26.8
DEVJATIAROV Mickail Jun.,Cross-Country Skiing,Russia,24,84.0,189.0,23.5
di CENTA Giorgio,Cross-Country Skiing,Italy,37,68.0,175.0,22.2
DIAZ Rafael,Ice Hockey,Switzerland,24,88.0,181.0,26.9
DIDENKO Nadiya,Freestyle Skiing,Ukraine,23,64.0,164.0,23.8
DIMITRIADIS Vassilis,Alpine Skiing,Greece,31,89.0,178.0,28.1
DIXON Robbie,Alpine Skiing,Canada,25,84.0,175.0,27.4
DOBBIN Shane,Speed Skating,New Zealand,30,76.0,183.0,22.7
DOEME Zsofia,Alpine Skiing,Hungary,17,55.0,162.0,21.0
DOI Natsuko,Snowboard,Japan,30,56.0,157.0,22.7
DOI Shingo,Speed Skating,Japan,26,75.0,177.0,23.9
DOIGAWA Shinji,Bobsleigh,Japan,30,88.0,182.0,26.6
DOKL Peter,Biathlon,Slovenia,25,72.0,178.0,22.7
DOLEZALOVA Zuzana,Snowboard,Czech Republic,29,57.0,163.0,21.5
DOLGODVOROV Denis,Freestyle Skiing,Russia,27,75.0,178.0,23.7
DOLIDOVICH Sergei,Cross-Country Skiing,Belarus,36,72.0,176.0,23.2
DOMANSKI Przemyslaw,Figure Skating,Poland,23,,182.0,
DOMEIJ Sofia,Biathlon,Sweden,33,58.0,165.0,21.3
DOMENICHELLI Hnat,Ice Hockey,Switzerland,33,87.0,182.0,26.3
DOMNINA Oksana,Figure Skating,Russia,25,,174.0,
DOMRACHEVA Darya,Biathlon,Belarus,23,56.0,168.0,19.8
DORIN Marie,Biathlon,France,23,56.0,168.0,19.8
DORONINA Elena,Bobsleigh,Russia,28,65.0,170.0,22.5
DORSAZ Antoine,Figure Skating,Switzerland,20,,183.0,
DOSTAL Roman,Biathlon,Czech Republic,39,72.0,177.0,23.0
DOUGHTY Drew,Ice Hockey,Canada,20,93.0,185.0,27.2
DOUGLAS Anthony,Short Track,Great Britain,24,75.0,183.0,22.4
DOUGLAS Michael,Skeleton,Canada,38,78.0,172.0,26.4
DOVALCIUC Ioan Danut,Bobsleigh,Romania,25,100.0,186.0,28.9
DRAGSIC Mitja,Alpine Skiing,Slovenia,30,92.0,182.0,27.8
DRAKE Edward,Alpine Skiing,Great Britain,24,88.0,189.0,24.6
DREISKENS Daumants,Bobsleigh,Latvia,25,107.0,193.0,28.7
DREV Ana,Alpine Skiing,Slovenia,24,61.0,171.0,20.9
DROCCO Nicola,Skeleton,Italy,31,78.0,178.0,24.6
DRURY Chris,Ice Hockey,United States,33,86.0,178.0,27.1
DRUSZKIEWICZ Sebastian,Speed Skating,Poland,23,72.0,178.0,22.7
DRYGIN Andrey,Alpine Skiing,Tajikistan,32,,,
DUBAREZAVA Nastassia,Cross-Country Skiing,Belarus,24,63.0,171.0,21.5
DUBE Jessica,Figure Skating,Canada,22,,150.0,
DUCROZ Jan Henri,Curling,France,38,,173.0,
DUCROZ Richard,Curling,France,26,,174.0,
DUDEK Alyson,Short Track,United States,19,59.0,168.0,20.9
DUERR Katharina,Alpine Skiing,Germany,20,76.0,176.0,24.5
DUERR Thomas,Bobsleigh,Liechtenstein,31,102.0,194.0,27.1
DUFOUR Sylvain,Snowboard,France,27,82.0,178.0,25.9
DUFOUR Thomas,Curling,France,37,,183.0,
DUFOUR-LAPOINTE Chloe,Freestyle Skiing,Canada,18,61.0,165.0,22.4
DUGGAN Meghan,Ice Hockey,United States,22,74.0,175.0,24.2
DUKE Hailey,Alpine Skiing,United States,24,70.0,170.0,24.2
DUKURS Martins,Skeleton,Latvia,25,75.0,179.0,23.4
DUKURS Tomass,Skeleton,Latvia,28,84.0,186.0,24.3
DUMBRIS Kaspars,Biathlon,Latvia,24,82.0,193.0,22.0
DUNCAN David,Freestyle Skiing,Canada,27,93.0,183.0,27.8
DUPONT Denise,Curling,Denmark,25,,169.0,
DUPONT Madeleine,Curling,Denmark,22,,173.0,
DUVILLARD Robin,Cross-Country Skiing,France,26,71.0,178.0,22.4
DVORAK Miroslav,Nordic Combined,Czech Republic,22,65.0,180.0,20.1
DYUBANOK Inna,Ice Hockey,Russia,19,63.0,166.0,22.9
DZURNAKOVA Anna,Ice Hockey,Slovakia,27,61.0,161.0,23.5
EBERHARD Tobias,Biathlon,Austria,25,73.0,194.0,19.4
EDELMANN Tino,Nordic Combined,Germany,24,73.0,185.0,21.3
EDER Simon,Biathlon,Austria,26,79.0,186.0,22.8
EDIN Niklas,Curling,Sweden,24,,173.0,
EDNEY Samuel,Luge,Canada,25,95.0,188.0,26.9
EGGER Juerg,Bobsleigh,Switzerland,28,98.0,178.0,30.9
EGGLER Markus,Curling,Switzerland,41,,179.0,
EGOROV Philipp,Bobsleigh,Russia,31,96.0,182.0,29.0
EHRHOFF Christian,Ice Hockey,Germany,27,90.0,188.0,25.5
EIGENMANN Christoph,Cross-Country Skiing,Switzerland,30,72.0,177.0,23.0
EIKELAND Liv Kjersti,Biathlon,Norway,30,,,
EINASTE Kein,Cross-Country Skiing,Estonia,24,93.0,197.0,24.0
ELEY Jon,Short Track,Great Britain,25,79.0,186.0,22.8
ELIAS Patrik,Ice Hockey,Czech Republic,33,88.0,183.0,26.3
ELIASSON Emma,Ice Hockey,Sweden,20,70.0,166.0,25.4
ELIASSON Tommy,Freestyle Skiing,Sweden,29,90.0,179.0,28.1
ELISTRATOV Semion,Short Track,Russia,19,60.0,165.0,22.0
ENDO Sho,Freestyle Skiing,Japan,19,72.0,178.0,22.7
ENDRAS Dennis,Ice Hockey,Germany,24,76.0,183.0,22.7
ENGSTROM Molly,Ice Hockey,United States,26,78.0,175.0,25.5
ENRIGHT Adam,Curling,Canada,26,,178.0,
ENSTROM Tina,Ice Hockey,Sweden,18,66.0,166.0,24.0
ENSTROM Tobias,Ice Hockey,Sweden,25,82.0,180.0,25.3
ERAT Martin,Ice Hockey,Czech Republic,28,82.0,182.0,24.8
ERBANOVA Karolina,Speed Skating,Czech Republic,17,66.0,176.0,21.3
ERIKSSON Joel,Speed Skating,Sweden,25,88.0,189.0,24.6
ERIKSSON Loui,Ice Hockey,Sweden,24,83.0,185.0,24.3
ERIKSSON Oskar,Curling,Sweden,18,,177.0,
ERLACHER Meinhard,Snowboard,Italy,27,85.0,180.0,26.2
ERZEN Anja,Cross-Country Skiing,Slovenia,17,57.0,165.0,20.9
ESTEVE RIGAIL Kevin,Alpine Skiing,Andorra,20,80.0,180.0,24.7
EVENSEN Johan Remen,Ski Jumping,Norway,24,,179.0,
EVORA Amanda,Figure Skating,United States,25,,152.0,
EVTEEVA Nina,Short Track,Russia,27,65.0,176.0,21.0
EZEKH Nkeiruka,Curling,Russia,26,,178.0,
FABJAN Vesna,Cross-Country Skiing,Slovenia,24,62.0,169.0,21.7
FABRIS Enrico,Speed Skating,Italy,28,80.0,189.0,22.4
FAFALIS Lefteris,Cross-Country Skiing,Greece,33,77.0,180.0,23.8
FAGAN Robert,Snowboard,Canada,33,88.0,185.0,25.7
FAIELLA Federica,Figure Skating,Italy,29,,166.0,
FAK Jakov,Biathlon,Croatia,22,80.0,181.0,24.4
FALK Hanna,Cross-Country Skiing,Sweden,20,65.0,167.0,23.3
FALLA Maiken Caspersen,Cross-Country Skiing,Norway,19,,,
FANCHINI Elena,Alpine Skiing,Italy,24,69.0,164.0,25.7
FARIC Sasa,Freestyle Skiing,Slovenia,25,60.0,159.0,23.7
FATKULINA Olga,Speed Skating,Russia,20,65.0,173.0,21.7
FAUCONNET Thibaut,Short Track,France,24,72.0,172.0,24.3
FAYED Guillermo,Alpine Skiing,France,24,93.0,183.0,27.8
FEDOROV Sergey,Ice Hockey,Russia,40,92.0,189.0,25.8
FEDOROV Stepan,Luge,Russia,22,95.0,189.0,26.6
FEDOROVA Olga,Bobsleigh,Russia,26,78.0,178.0,24.6
FEDOTOVA Lyudmila,Alpine Skiing,Kazakhstan,23,56.0,166.0,20.3
FELISAZ Jonathan,Nordic Combined,France,24,61.0,173.0,20.4
FELSKI Sven,Ice Hockey,Germany,35,80.0,180.0,24.7
FENNINGER Anna,Alpine Skiing,Austria,20,64.0,166.0,23.2
FERENCZ Reka,Biathlon,Romania,20,69.0,172.0,23.3
FERGUSON Dylan,Freestyle Skiing,United States,21,68.0,183.0,20.3
FERK Marusa,Alpine Skiing,Slovenia,21,63.0,167.0,22.6
FERK Matea,Alpine Skiing,Croatia,22,59.0,165.0,21.7
FERNANDEZ Javier,Figure Skating,Spain,18,,171.0,
FERRY Bjorn,Biathlon,Sweden,31,82.0,194.0,21.8
FESHCHUK Rostyslav,Alpine Skiing,Ukraine,19,80.0,175.0,26.1
FESSEL Nicole,Cross-Country Skiing,Germany,26,60.0,170.0,20.8
FIALA Martin,Freestyle Skiing,Germany,42,99.0,190.0,27.4
FIANDINO Roberta,Biathlon,Italy,24,57.0,170.0,19.7
FICENEC Jakub,Ice Hockey,Germany,33,89.0,179.0,27.8
FILBRICH Jens,Cross-Country Skiing,Germany,30,72.0,177.0,23.0
FILIMONOVA Lyubov,Biathlon,Kazakhstan,21,60.0,175.0,19.6
FILL Peter,Alpine Skiing,Italy,27,85.0,175.0,27.8
FILPPULA Valtteri,Ice Hockey,Finland,25,84.0,182.0,25.4
FIMBAUERE Liene,Alpine Skiing,Latvia,21,55.0,156.0,22.6
FISCHBACHER Andrea,Alpine Skiing,Austria,24,60.0,164.0,22.3
FISCHER Remo,Cross-Country Skiing,Switzerland,28,67.0,173.0,22.4
FISCHNALLER Roland,Snowboard,Italy,29,85.0,186.0,24.6
FJELLVANG-SOELLING Sophie,Freestyle Skiing,Denmark,28,68.0,167.0,24.4
FLANDER Rok,Snowboard,Slovenia,30,80.0,180.0,24.7
FLATLAND Ann Kristin Aafedt,Biathlon,Norway,27,,,
FLATT Rachael,Figure Skating,United States,17,,157.0,
FLEISCHMANN Tomas,Ice Hockey,Czech Republic,25,87.0,185.0,25.4
FLEISS Nika,Alpine Skiing,Croatia,25,68.0,167.0,24.4
FLETCHER Taylor,Nordic Combined,United States,19,70.0,182.0,21.1
FLEURY Marc-Andre,Ice Hockey,Canada,25,80.0,188.0,22.6
FLISAR Filip,Freestyle Skiing,Slovenia,22,95.0,181.0,29.0
FLORSCHUETZ Andre,Luge,Germany,33,85.0,183.0,25.4
FLORSCHUETZ Thomas,Bobsleigh,Germany,31,96.0,185.0,28.0
FOGT Christopher,Bobsleigh,United States,26,95.0,183.0,28.4
FOLLIS Arianna,Cross-Country Skiing,Italy,32,52.0,162.0,19.8
FOMINA Margarita,Curling,Russia,21,,174.0,
FONT Jordi,Snowboard,Spain,34,83.0,190.0,23.0
FONTANA Arianna,Short Track,Italy,19,58.0,164.0,21.6
FORD Tommy,Alpine Skiing,United States,20,75.0,180.0,23.1
FORSBERG Kristian,Ice Hockey,Norway,23,82.0,186.0,23.7
FORSBERG Peter,Ice Hockey,Sweden,36,93.0,185.0,27.2
FORSLUND Michael,Freestyle Skiing,Sweden,23,85.0,184.0,25.1
FOURCADE Martin,Biathlon,France,21,75.0,185.0,21.9
FOURCADE Simon,Biathlon,France,25,67.0,174.0,22.1
FRANCON Mellie,Snowboard,Switzerland,28,57.0,168.0,20.2
FRASNELLI Loris,Cross-Country Skiing,Italy,30,72.0,178.0,22.7
FRAUTSCHI Angela,Ice Hockey,Switzerland,22,73.0,169.0,25.6
FREDERIKSEN Johnny,Curling,Denmark,34,,175.0,
FREDRICKS Tucker,Speed Skating,United States,25,67.0,168.0,23.7
FREEMAN Kris,Cross-Country Skiing,United States,29,79.0,180.0,24.4
FREI Sandra,Snowboard,Switzerland,25,70.0,174.0,23.1
FREI Thomas,Biathlon,Switzerland,29,67.0,176.0,21.6
FRENETTE Peter,Ski Jumping,United States,17,60.0,178.0,18.9
FRENZEL Eric,Nordic Combined,Germany,21,59.0,175.0,19.3
FRIBERG Daniel,Speed Skating,Sweden,23,83.0,183.0,24.8
FRIESINGER-POSTMA Anna,Speed Skating,Germany,33,64.0,169.0,22.4
FRISCH Jeffrey,Alpine Skiing,Canada,25,86.0,184.0,25.4
FU Chunyan,Speed Skating,China,20,55.0,160.0,21.5
FUCHS Mario,Snowboard,Austria,33,83.0,183.0,24.8
FUJIMORI Yuka,Snowboard,Japan,23,53.0,159.0,21.0
FUJIMOTO Takahiro,Short Track,Japan,24,64.0,170.0,22.1
FUKUDA Nobuko,Cross-Country Skiing,Japan,29,54.0,165.0,19.8
FUKUSHIMA Noriko,Freestyle Skiing,Japan,30,54.0,160.0,21.1
GABORIK Marian,Ice Hockey,Slovakia,28,89.0,186.0,25.7
GAGNON Marie-Michele,Alpine Skiing,Canada,20,67.0,177.0,21.4
GAIAZOVA Daria,Cross-Country Skiing,Canada,26,69.0,178.0,21.8
GAILLARD Jean Marc,Cross-Country Skiing,France,29,74.0,180.0,22.8
GALKINA Ekaterina,Curling,Russia,21,,170.0,
GALMARINI Nevin,Snowboard,Switzerland,23,70.0,172.0,23.7
GALVINS Guntis,Ice Hockey,Latvia,24,87.0,186.0,25.1
GALYSHEVA Yulia,Freestyle Skiing,Kazakhstan,17,60.0,167.0,21.5
GANTNEROVA Jana,Alpine Skiing,Slovakia,20,65.0,165.0,23.9
GAO Fujin,Ice Hockey,China,25,65.0,162.0,24.8
GAO Xuefeng,Speed Skating,China,29,75.0,180.0,23.1
GAPOVA Nikola,Ice Hockey,Slovakia,20,60.0,174.0,19.8
GARDNER Elizabeth,Freestyle Skiing,Australia,29,55.0,157.0,22.3
GARIBOVIC Amar,Cross-Country Skiing,Serbia,18,75.0,190.0,20.8
GASHENNIKOVA Irina,Ice Hockey,Russia,34,66.0,164.0,24.5
GASIENICA DANIEL Agnieszka,Alpine Skiing,Poland,22,58.0,159.0,22.9
GASPARIN Selina,Biathlon,Switzerland,25,52.0,163.0,19.6
GASPARINI Sandra,Luge,Italy,19,70.0,173.0,23.4
GASTALDI Nicol,Alpine Skiing,Argentina,19,62.0,167.0,22.2
GATTUSO Sebastien,Bobsleigh,Monaco,38,95.0,180.0,29.3
GAVAGGIO Enak,Freestyle Skiing,France,33,80.0,173.0,26.7
GAVRILOVA Iya,Ice Hockey,Russia,22,67.0,173.0,22.4
GAYME Maui,Alpine Skiing,Chile,26,80.0,179.0,25.0
GEDEVANISHVILI Elene,Figure Skating,Georgia,20,,155.0,
GEHRING Lana,Short Track,United States,19,62.0,175.0,20.2
GEIGER Christina,Alpine Skiing,Germany,20,66.0,170.0,22.8
GEISENBERGER Natalie,Luge,Germany,22,77.0,183.0,23.0
GELASHVILI Jaba,Alpine Skiing,Georgia,16,70.0,176.0,22.6
GENUIN Magda,Cross-Country Skiing,Italy,30,61.0,173.0,20.4
GEORGES Chloe,Freestyle Skiing,France,29,57.0,164.0,21.2
GEORGIEV Stefan,Alpine Skiing,Bulgaria,32,93.0,185.0,27.2
GEORGIEVA-NIKOLOVA Marina,Short Track,Bulgaria,29,54.0,160.0,21.1
GEREKOVA Jana,Biathlon,Slovakia,25,64.0,170.0,22.1
GERRITSEN Annette,Speed Skating,Netherlands,24,64.0,172.0,21.6
GETZLAF Ryan,Ice Hockey,Canada,24,101.0,193.0,27.1
GILLARDUZZI Jessica,Bobsleigh,Italy,29,70.0,170.0,24.2
GILLINGS Zoe,Snowboard,Great Britain,24,65.0,168.0,23.0
GIMAZETDINOVA Anastasia,Figure Skating,Uzbekistan,29,,180.0,
GINGRAS Maxime,Freestyle Skiing,Canada,25,77.0,180.0,23.8
GINI Marc,Alpine Skiing,Switzerland,25,81.0,183.0,24.2
GIORDANI Gian Luca,Alpine Skiing,San Marino,20,75.0,185.0,21.9
GIROD Thomas,Luge,France,26,83.0,182.0,25.1
GIROUX Mathieu,Speed Skating,Canada,24,77.0,180.0,23.8
GISIN Dominique,Alpine Skiing,Switzerland,24,68.0,172.0,23.0
GIUS Nicole,Alpine Skiing,Italy,29,59.0,159.0,23.3
GJERDALEN Tord Asle,Cross-Country Skiing,Norway,26,,,
GLAZERE Liga,Biathlon,Latvia,23,60.0,170.0,20.8
GLEASON Tim,Ice Hockey,United States,27,98.0,183.0,29.3
GLEBOV Ilja,Figure Skating,Estonia,22,,181.0,
GLEBOVA Elena,Figure Skating,Estonia,20,,165.0,
GOC Marcel,Ice Hockey,Germany,26,85.0,183.0,25.4
GOERGL Elisabeth,Alpine Skiing,Austria,28,68.0,166.0,24.7
GOLDSACK Drew,Cross-Country Skiing,Canada,28,76.0,178.0,24.0
GONCHAR Sergey,Ice Hockey,Russia,35,94.0,185.0,27.5
GONZALEZ Ruben,Luge,Argentina,47,90.0,183.0,26.9
GOODMAN Anna,Alpine Skiing,Canada,24,75.0,178.0,23.7
GORGONE Michelle,Snowboard,United States,26,77.0,160.0,30.1
GORZA Ales,Alpine Skiing,Slovenia,29,81.0,179.0,25.3
GOSSNER Miriam,Cross-Country Skiing,Germany,19,56.0,167.0,20.1
GOTTWALD Felix,Nordic Combined,Austria,34,67.0,180.0,20.7
GOUGH Alex,Luge,Canada,22,70.0,171.0,23.9
GOUGH Amy,Skeleton,Canada,32,64.0,164.0,23.8
GRABNER Siegfried,Snowboard,Austria,35,80.0,180.0,24.7
GRABOVSKY Mikhail,Ice Hockey,Belarus,26,83.0,181.0,25.3
GRAGE Cathrine,Speed Skating,Denmark,33,58.0,165.0,21.3
GRAHN Sara,Ice Hockey,Sweden,21,71.0,170.0,24.6
GRAND Cedric,Bobsleigh,Switzerland,34,100.0,189.0,28.0
GREBESHKOV Denis,Ice Hockey,Russia,26,93.0,185.0,27.2
GREEN Brendan,Biathlon,Canada,23,72.0,183.0,21.5
GREGG Jamie,Speed Skating,Canada,24,80.0,180.0,24.7
GREGG Jessica,Short Track,Canada,21,62.0,174.0,20.5
GREGORIN Teja,Biathlon,Slovenia,29,57.0,171.0,19.5
GREIG Michelle,Freestyle Skiing,New Zealand,21,70.0,174.0,23.1
GREILINGER Thomas,Ice Hockey,Germany,28,88.0,180.0,27.2
GREINER Janine,Curling,Switzerland,29,,168.0,
GREIS Michael,Biathlon,Germany,33,72.0,177.0,23.0
GREISS Thomas,Ice Hockey,Germany,24,92.0,185.0,26.9
GREY George,Cross-Country Skiing,Canada,30,76.0,179.0,23.7
GRIFFIN Benjamin,Alpine Skiing,New Zealand,23,84.0,181.0,25.6
GRIGOREVA Kseniya,Alpine Skiing,Uzbekistan,22,60.0,180.0,18.5
GRIGOROVA Antonia,Cross-Country Skiing,Bulgaria,24,56.0,167.0,20.1
GRIMMETTE Mark,Luge,United States,39,91.0,185.0,26.6
GRISHIN Alexei,Freestyle Skiing,Belarus,30,74.0,176.0,23.9
GROENEWOLD Renate,Speed Skating,Netherlands,33,75.0,180.0,23.1
GROENVOLD Audun,Freestyle Skiing,Norway,33,,,
GROOTHUIS Stefan,Speed Skating,Netherlands,28,82.0,181.0,25.0
GROTNES Pal,Ice Hockey,Norway,32,86.0,188.0,24.3
GROVES Kristina,Speed Skating,Canada,33,66.0,175.0,21.6
GRUBER Bernhard,Nordic Combined,Austria,27,71.0,185.0,20.7
GRUBER Bettina,Cross-Country Skiing,Switzerland,25,60.0,170.0,20.8
GRUBER Patrick,Luge,Italy,32,75.0,170.0,26.0
GRUENENFELDER Tobias,Alpine Skiing,Switzerland,32,90.0,180.0,27.8
GRUENER Lukas,Snowboard,Austria,28,80.0,177.0,25.5
GRUGGER Hans,Alpine Skiing,Austria,28,90.0,180.0,27.8
GRYGORENKO Kateryna,Cross-Country Skiing,Ukraine,24,65.0,166.0,23.6
GUAY Erik,Alpine Skiing,Canada,28,84.0,178.0,26.5
GUDMUNDSDOTTIR Iris,Alpine Skiing,Iceland,19,69.0,174.0,22.8
GUDRAMOVICS Oskars,Luge,Latvia,21,75.0,173.0,25.1
GUENTHER Doris,Snowboard,Austria,31,59.0,165.0,21.7
GUGGENBERGER Matthias,Skeleton,Austria,25,75.0,179.0,23.4
GUGGISBERG Peter,Ice Hockey,Switzerland,25,93.0,179.0,29.0
GULINI Faye,Snowboard,United States,17,55.0,163.0,20.7
GUO Xinxin,Freestyle Skiing,China,26,60.0,155.0,25.0
GURESHIDZE Levan,Luge,Georgia,21,80.0,175.0,26.1
GUSTAVSSON Jonas,Ice Hockey,Sweden,25,82.0,191.0,22.5
GUTENSOHN Katharina,Freestyle Skiing,Austria,43,58.0,172.0,19.6
GUTIERREZ Javier,Cross-Country Skiing,Spain,24,65.0,177.0,20.7
GUTIERREZ Mireia,Alpine Skiing,Andorra,21,60.0,162.0,22.9
GWIZDON Magdalena,Biathlon,Poland,30,67.0,178.0,21.1
GYORGY Monika,Cross-Country Skiing,Romania,27,51.0,162.0,19.4
GYSEL Pieter,Short Track,Belgium,29,73.0,180.0,22.5
HA Hong-Sun,Speed Skating,South Korea,18,73.0,181.0,22.3
HAAG Anna,Cross-Country Skiing,Sweden,23,58.0,163.0,21.8
HACKL Christian,Bobsleigh,Austria,29,90.0,183.0,26.9
HAECHLER Christian,Freestyle Skiing,Switzerland,26,79.0,188.0,22.4
HAFLIGER Melanie,Ice Hockey,Switzerland,27,55.0,159.0,21.8
HAFNER Sabina,Bobsleigh,Switzerland,25,65.0,168.0,23.0
HAFSAS Ronny,Cross-Country Skiing,Norway,24,,,
HAGA Ryohei,Speed Skating,Japan,21,75.0,174.0,24.8
HAGMAN Niklas,Ice Hockey,Finland,30,90.0,184.0,26.6
HAJEK Antonin,Ski Jumping,Czech Republic,23,58.0,173.0,19.4
HAJKOVA Kamila,Figure Skating,Czech Republic,22,,170.0,
HAKKINEN Jay,Biathlon,United States,32,75.0,183.0,22.4
HALAK Jaroslav,Ice Hockey,Slovakia,24,76.0,182.0,22.9
HALDER Veronika,Luge,Austria,29,64.0,165.0,23.5
HALDI Roland,Snowboard,Switzerland,31,79.0,180.0,24.4
HALILOVIC Michi,Skeleton,Germany,26,67.0,169.0,23.5
HALINAROVA Martina,Biathlon,Slovakia,36,51.0,164.0,19.0
HALLENBARTER Simon,Biathlon,Switzerland,30,91.0,192.0,24.7
HALLER Christian,Snowboard,Switzerland,20,71.0,174.0,23.5
HALLER Katja,Biathlon,Italy,29,61.0,163.0,23.0
HALLER Ursina,Snowboard,Switzerland,24,58.0,172.0,19.6
HAMELIN Charles,Short Track,Canada,25,71.0,175.0,23.2
HAMELIN Francois,Short Track,Canada,23,72.0,175.0,23.5
HAMILTON James,Snowboard,New Zealand,20,68.0,178.0,21.5
HAMILTON Simeon,Cross-Country Skiing,United States,22,80.0,178.0,25.2
HAMLIN Erin,Luge,United States,23,71.0,170.0,24.6
HAN Danni,Ice Hockey,China,19,58.0,165.0,21.3
HAN Jialiang,Short Track,China,22,78.0,183.0,23.3
HAN Xiaopeng,Freestyle Skiing,China,26,75.0,172.0,25.4
HAN Yueshuang,Short Track,Hong Kong,27,54.0,175.0,17.6
HANDSCHIN Roman,Bobsleigh,Switzerland,27,96.0,186.0,27.7
HANDZUS Michal,Ice Hockey,Slovakia,32,98.0,193.0,26.3
HANEVOLD Halvard,Biathlon,Norway,40,,,
HANNI Sirli,Biathlon,Estonia,24,60.0,175.0,19.6
HANSDOTTER Frida,Alpine Skiing,Sweden,24,67.0,173.0,22.4
HANSEN Ane,Curling,Denmark,34,,171.0,
HANSEN Brian,Speed Skating,United States,19,76.0,183.0,22.7
HANSEN Mads,Ice Hockey,Norway,31,88.0,185.0,25.7
HAPPONEN Janne,Ski Jumping,Finland,25,63.0,180.0,19.4
HARADA Madoka,Luge,Japan,24,68.0,164.0,25.3
HARGIN Mattias,Alpine Skiing,Sweden,24,81.0,179.0,25.3
HARNIS Jan,Luge,Slovakia,24,90.0,180.0,27.8
HARRISSON Maya,Alpine Skiing,Brazil,17,53.0,161.0,20.4
HARVEY Alex,Cross-Country Skiing,Canada,21,75.0,184.0,22.2
HARVEY Duncan,Bobsleigh,Australia,28,102.0,183.0,30.5
HASELRIEDER Oswald,Luge,Italy,38,74.0,178.0,23.4
HATTESTAD Ola Vigen,Cross-Country Skiing,Norway,27,,,
HAUG Linn,Snowboard,Norway,19,,,
HAUGEN Leif Kristian,Alpine Skiing,Norway,22,,,
HAUGLI Maren,Speed Skating,Norway,24,,,
HAUGLI Sverre,Speed Skating,Norway,27,,,
HAUKKALA Juha,Freestyle Skiing,Finland,31,108.0,188.0,30.6
HAUSCH Maylin,Figure Skating,Germany,21,,154.0,
HAUSER Jan,Curling,Switzerland,25,,187.0,
HAUSWALD Simone,Biathlon,Germany,30,56.0,170.0,19.4
HAUTAMAEKI Matti,Ski Jumping,Finland,28,64.0,177.0,20.4
HAVIKHAGEN Joachim,Snowboard,Norway,18,,,
HAVLAT Martin,Ice Hockey,Czech Republic,28,82.0,184.0,24.2
HAY Cody,Figure Skating,Canada,26,,180.0,
HAY Lachlan,Short Track,Australia,23,71.0,178.0,22.4
HAYDUK Yuriy,Luge,Ukraine,24,79.0,182.0,23.8
HAYER Stanley,Freestyle Skiing,Canada,36,100.0,193.0,26.8
HAYLER Damon,Snowboard,Australia,33,90.0,184.0,26.6
HEATLEY Dany,Ice Hockey,Canada,29,98.0,191.0,26.9
HEBERT Benjamin,Curling,Canada,26,,180.0,
HECHT Jochen,Ice Hockey,Germany,32,92.0,187.0,26.3
HECKEN Sarah,Figure Skating,Germany,16,,170.0,
HEDRICK Chad,Speed Skating,United States,32,78.0,180.0,24.1
HEEL Werner,Alpine Skiing,Italy,27,85.0,184.0,25.1
HEER Ronny,Nordic Combined,Switzerland,29,66.0,176.0,21.3
HEFFORD Jayna,Ice Hockey,Canada,32,63.0,165.0,23.1
HEFTI Beat,Bobsleigh,Switzerland,32,103.0,183.0,30.8
HEIDUM Bernadett,Short Track,Hungary,21,62.0,169.0,21.7
HEIKKINEN Matti,Cross-Country Skiing,Finland,26,61.0,174.0,20.1
HEIL Jennifer,Freestyle Skiing,Canada,26,55.0,162.0,21.0
HEISS Stella,Curling,Germany,17,,168.0,
HEJDA Jan,Ice Hockey,Czech Republic,31,98.0,191.0,26.9
HELIE Louis-Pierre,Alpine Skiing,Canada,24,90.0,180.0,27.8
HELIN Anne,Ice Hockey,Finland,23,68.0,170.0,23.5
HELLNER Marcus,Cross-Country Skiing,Sweden,24,75.0,183.0,22.4
HENKEL Andrea,Biathlon,Germany,32,50.0,158.0,20.0
HERBERG Daniel,Curling,Germany,35,,179.0,
HERBST Reinfried,Alpine Skiing,Austria,31,81.0,181.0,24.7
HERICHOVA Maria,Ice Hockey,Slovakia,19,65.0,174.0,21.5
HERNANDEZ Regino,Snowboard,Spain,18,72.0,184.0,21.3
HERRMANN Paul,Short Track,Germany,24,67.0,173.0,22.4
HESSE Judith,Speed Skating,Germany,27,53.0,158.0,21.2
HETTICH Georg,Nordic Combined,Germany,31,65.0,180.0,20.1
HEUNG Tyson,Short Track,Germany,30,78.0,178.0,24.6
HICKEY Stephanie,Snowboard,Australia,24,55.0,165.0,20.2
HIGHT Elena,Snowboard,United States,20,52.0,155.0,21.6
HIIRIKOSKI Jenni,Ice Hockey,Finland,22,60.0,161.0,23.1
HILDE Tom,Ski Jumping,Norway,22,,179.0,
HILLER Jonas,Ice Hockey,Switzerland,28,87.0,187.0,24.9
HINO Manami,Bobsleigh,Japan,30,60.0,160.0,23.4
HIRAKO Hiroki,Speed Skating,Japan,27,62.0,168.0,22.0
HIRSCHER Marcel,Alpine Skiing,Austria,20,73.0,173.0,24.4
HJELMESET Odd-Bjoern,Cross-Country Skiing,Norway,38,,,
HLAVA Lukas,Ski Jumping,Czech Republic,25,62.0,181.0,18.9
HOAR Melissa,Skeleton,Australia,27,61.0,172.0,20.6
HOEHENER Stefan,Luge,Switzerland,29,85.0,170.0,29.4
HOEHNE Holger,Curling,Germany,39,,180.0,
HOEIE GJEFSEN Marte,Freestyle Skiing,Norway,20,,,
HOELZL Kathrin,Alpine Skiing,Germany,25,60.0,163.0,22.6
HOEY Aoife,Bobsleigh,Ireland,26,75.0,194.0,19.9
HOFER Beni,Freestyle Skiing,Switzerland,31,83.0,176.0,26.8
HOFER David,Cross-Country Skiing,Italy,26,71.0,179.0,22.2
HOFER Lukas,Biathlon,Italy,20,67.0,175.0,21.9
HOFFMANN Ambrosi,Alpine Skiing,Switzerland,32,90.0,180.0,27.8
HOFFMANN Nora,Figure Skating,Hungary,24,,172.0,
HOGBERG Elisabeth,Biathlon,Sweden,23,59.0,165.0,21.7
HOGIU Petrica,Cross-Country Skiing,Romania,18,70.0,172.0,23.7
HOLCOMB Steven,Bobsleigh,United States,29,100.0,178.0,31.6
HOLLAND Nate,Snowboard,United States,31,88.0,178.0,27.8
HOLLENSTEIN Michael,Nordic Combined,Switzerland,25,74.0,185.0,21.6
HOLLINGSWORTH Mellisa,Skeleton,Canada,29,58.0,167.0,20.8
HOLMLOV Elin,Ice Hockey,Sweden,22,65.0,173.0,21.7
HOLMLUND Anna,Freestyle Skiing,Sweden,22,75.0,184.0,22.2
HOLMSTROM Tomas,Ice Hockey,Sweden,37,95.0,183.0,28.4
HOLOS Jonas,Ice Hockey,Norway,22,90.0,180.0,27.8
HOLST Erika,Ice Hockey,Sweden,30,82.0,179.0,25.6
HOLTET Marius,Ice Hockey,Norway,25,89.0,186.0,25.7
HOLVIK Tore-V.,Snowboard,Norway,21,,,
HOLZER Korbinian,Ice Hockey,Germany,21,95.0,191.0,26.0
HOPPE Rene,Bobsleigh,Germany,33,96.0,185.0,28.0
HORNQVIST Patric,Ice Hockey,Sweden,23,84.0,180.0,25.9
HOROSHILOV Alexandr,Alpine Skiing,Russia,25,80.0,180.0,24.7
HOSPELT Kai,Ice Hockey,Germany,24,85.0,185.0,24.8
HOSSA Marcel,Ice Hockey,Slovakia,28,100.0,187.0,28.6
HOSSA Marian,Ice Hockey,Slovakia,31,90.0,185.0,26.3
HOVI Venla,Ice Hockey,Finland,22,61.0,169.0,21.4
HOZUMI Masako,Speed Skating,Japan,23,57.0,161.0,22.0
HUANG Haijing,Ice Hockey,China,21,72.0,172.0,24.3
HUANG Xintong,Figure Skating,China,23,,165.0,
HUBER Anja,Skeleton,Germany,26,62.0,171.0,21.2
HUDEC Jan,Alpine Skiing,Canada,28,90.0,183.0,26.9
HUEFNER Tatjana,Luge,Germany,26,77.0,178.0,24.3
HUG Tim,Nordic Combined,Switzerland,22,70.0,186.0,20.2
HUGHES Clara,Speed Skating,Canada,37,71.0,176.0,22.9
HUGHES Fiona-Elizabeth,Cross-Country Skiing,Great Britain,19,57.0,159.0,22.5
HULA Stefan,Ski Jumping,Poland,23,57.0,174.0,18.8
HUMPHRIES Kaillie,Bobsleigh,Canada,24,77.0,170.0,26.6
HUO Cui,Ice Hockey,China,21,54.0,160.0,21.1
HURAJT Pavol,Biathlon,Slovakia,32,68.0,172.0,23.0
HURSCHLER Seppi,Nordic Combined,Switzerland,26,65.0,180.0,20.1
HUSKOVA Hanna,Freestyle Skiing,Belarus,17,56.0,165.0,20.6
HUSZAR Erika,Short Track,Hungary,26,56.0,164.0,20.8
HUTTARY Karin,Freestyle Skiing,Austria,32,62.0,164.0,23.1
HYMAN Jakub,Luge,Czech Republic,25,80.0,180.0,24.7
HYMAN Ondrej,Luge,Czech Republic,23,82.0,189.0,23.0
ICOSKI Gjorgji,Cross-Country Skiing,Macedonia,25,65.0,175.0,21.2
IFRIM Paul,Luge,Romania,21,90.0,192.0,24.4
IGINLA Jarome,Ice Hockey,Canada,32,94.0,186.0,27.2
IGNJATOVIC Nevena,Alpine Skiing,Serbia,19,73.0,176.0,23.6
IHLE Nico,Speed Skating,Germany,24,88.0,187.0,25.2
ILIEV Peter,Luge,Bulgaria,25,87.0,185.0,25.4
ILIEV Vladimir,Biathlon,Bulgaria,22,73.0,183.0,21.8
ILJANS Eric,Freestyle Skiing,Sweden,40,93.0,176.0,30.0
ILJANS Magdalena,Freestyle Skiing,Sweden,40,70.0,171.0,23.9
ILYUKHINA Ekaterina,Snowboard,Russia,22,60.0,157.0,24.3
IMBODEN Urs,Alpine Skiing,Moldova,35,76.0,182.0,22.9
IMMONEN Jarkko,Ice Hockey,Finland,27,96.0,183.0,28.7
IMRIE Megan,Biathlon,Canada,24,56.0,167.0,20.1
INGEMARSDOTTER Ida,Cross-Country Skiing,Sweden,24,68.0,174.0,22.5
INNERHOFER Christof,Alpine Skiing,Italy,25,89.0,186.0,25.7
IORIATTI Ermanno,Speed Skating,Italy,34,80.0,185.0,23.4
IPATOV Dimitry,Ski Jumping,Russia,25,60.0,177.0,19.2
IRELAND Mike,Speed Skating,Canada,36,79.0,181.0,24.1
IRWIN Haley,Ice Hockey,Canada,21,78.0,170.0,27.0
ISA Hidenori,Biathlon,Japan,33,68.0,170.0,23.5
ISAACSON Jeff,Curling,United States,26,,173.0,
ISELIN Marc,Snowboard,Switzerland,29,83.0,177.0,26.5
ISHIDA Masako,Cross-Country Skiing,Japan,29,53.0,161.0,20.4
ISHIZAKI Kotomi,Curling,Japan,31,,166.0,
ISHIZAWA Shiho,Speed Skating,Japan,23,67.0,167.0,24.0
ISOZ Andreas,Freestyle Skiing,Switzerland,25,75.0,178.0,23.7
ISTRATE Nicolae,Bobsleigh,Romania,27,88.0,184.0,26.0
ITO Ayuko,Short Track,Japan,23,54.0,160.0,21.1
ITO Daiki,Ski Jumping,Japan,24,56.0,172.0,18.9
ITO Miki,Freestyle Skiing,Japan,22,51.0,162.0,19.4
IVANOU Aliaksei,Cross-Country Skiing,Belarus,29,69.0,173.0,23.1
IVANOVA Tatiana,Luge,Russia,18,61.0,174.0,20.1
IVESON Tom,Short Track,Great Britain,26,73.0,174.0,24.1
JACKSON John James,Bobsleigh,Great Britain,32,100.0,183.0,29.9
JACKSON Lee-Steve,Biathlon,Great Britain,29,71.0,172.0,24.0
JACOBELLIS Lindsey,Snowboard,United States,24,66.0,168.0,23.4
JACOBSEN Anders,Ski Jumping,Norway,24,,174.0,
JACOBSEN Astrid Uhrenholdt,Cross-Country Skiing,Norway,23,,,
JACQUEMOD Ingrid,Alpine Skiing,France,31,69.0,176.0,22.3
JAERBYN Patrik,Alpine Skiing,Sweden,40,87.0,181.0,26.6
JAGNESAK Milan,Bobsleigh,Slovakia,40,103.0,179.0,32.1
JAGR Jaromir,Ice Hockey,Czech Republic,37,104.0,189.0,29.1
JAKIMCHUK Vita,Cross-Country Skiing,Ukraine,29,53.0,168.0,18.8
JAKOBSEN Tommy,Ice Hockey,Norway,39,85.0,173.0,28.4
JAKS Martin,Cross-Country Skiing,Czech Republic,23,75.0,185.0,21.9
JAMES Scott,Snowboard,Australia,15,52.0,173.0,17.4
JAMES Vanessa,Figure Skating,France,22,,159.0,
JANDA Jakub,Ski Jumping,Czech Republic,31,60.0,179.0,18.7
JANECKOVA Ivana,Cross-Country Skiing,Czech Republic,25,54.0,158.0,21.6
JANKA Carlo,Alpine Skiing,Switzerland,23,86.0,185.0,25.1
JANSMA Sybren,Bobsleigh,Netherlands,28,105.0,199.0,26.5
JANSRUD Kjetil,Alpine Skiing,Norway,24,,,
JANYK Britt,Alpine Skiing,Canada,29,64.0,168.0,22.7
JANYK Michael,Alpine Skiing,Canada,27,88.0,183.0,26.3
JAPARIDZE Otar,Figure Skating,Georgia,22,,184.0,
JARDI Andrea,Alpine Skiing,Spain,19,56.0,168.0,19.8
JASKOWIEC Sylwia,Cross-Country Skiing,Poland,23,55.0,160.0,21.5
JATSKAJA Oxana,Cross-Country Skiing,Kazakhstan,31,53.0,159.0,21.0
JAUHOJAERVI Sami,Cross-Country Skiing,Finland,28,69.0,174.0,22.8
JAWORSKI Jakub,Short Track,Poland,23,69.0,177.0,22.0
JAY Vincent,Biathlon,France,24,70.0,180.0,21.6
JAYNER Travis,Short Track,United States,27,75.0,185.0,21.9
JAZBEC Janez,Alpine Skiing,Slovenia,25,83.0,181.0,25.3
JEAN Olivier,Short Track,Canada,25,81.0,189.0,22.7
JEANNIN Sandy,Ice Hockey,Switzerland,33,83.0,180.0,25.6
JEKOVA Alexandra,Snowboard,Bulgaria,22,60.0,167.0,21.5
JELUSIC Ana,Alpine Skiing,Croatia,23,60.0,166.0,21.8
JENSEN Angelina,Curling,Denmark,36,,169.0,
JENSEN Bo,Curling,Denmark,34,,175.0,
JENSEN Camilla,Curling,Denmark,27,,184.0,
JERMAN Andrej,Alpine Skiing,Slovenia,31,90.0,186.0,26.0
JEWELL Tyler,Snowboard,United States,32,88.0,175.0,28.7
JEWETT Gordon,Cross-Country Skiing,Canada,32,72.0,181.0,22.0
JEZERSEK Barbara,Cross-Country Skiing,Slovenia,23,58.0,158.0,23.2
JIA Dandan,Ice Hockey,China,27,55.0,163.0,20.7
JIA Zongyang,Freestyle Skiing,China,18,65.0,174.0,21.5
JIANG Na,Ice Hockey,China,21,75.0,174.0,24.8
JIN Fengling,Ice Hockey,China,27,56.0,166.0,20.3
JIN Peiyu,Speed Skating,China,24,68.0,175.0,22.2
JIRA Lubos,Luge,Czech Republic,19,84.0,190.0,23.3
JITLOFF Tim,Alpine Skiing,United States,25,88.0,180.0,27.2
JODKO Maciej,Snowboard,Poland,27,80.0,177.0,25.5
JOENSSON Emil,Cross-Country Skiing,Sweden,24,79.0,178.0,24.9
JOERG Selina,Snowboard,Germany,22,63.0,173.0,21.0
JOHANSSON Magnus,Ice Hockey,Sweden,36,82.0,178.0,25.9
JOHANSSON NORGREN Britta,Cross-Country Skiing,Sweden,26,67.0,170.0,23.2
JOHAUG Therese,Cross-Country Skiing,Norway,21,,,
JOHNSON Anders,Ski Jumping,United States,20,73.0,189.0,20.4
JOHNSON Erik,Ice Hockey,United States,21,107.0,193.0,28.7
JOHNSON Haley,Biathlon,United States,28,61.0,165.0,22.4
JOHNSON Jack,Ice Hockey,United States,23,99.0,183.0,29.6
JOHNSRUD SUNDBY Martin,Cross-Country Skiing,Norway,25,,,
JOHNSTON Rebecca,Ice Hockey,Canada,20,61.0,170.0,21.1
JOKINEN Olli,Ice Hockey,Finland,31,92.0,188.0,26.0
JONES Perianne,Cross-Country Skiing,Canada,24,55.0,167.0,19.7
JONNIER Emmanuel,Cross-Country Skiing,France,34,65.0,175.0,21.2
JONSSON Helena,Biathlon,Sweden,25,59.0,172.0,19.9
JONSSON Magnus,Biathlon,Sweden,27,70.0,178.0,22.1
JORAANSTAD Nicole,Curling,United States,29,,165.0,
JORDANSSON Isabelle,Ice Hockey,Sweden,18,70.0,170.0,24.2
JOSSERAND Marion,Freestyle Skiing,France,23,54.0,162.0,20.6
JOUBERT Brian,Figure Skating,France,25,,179.0,
JOYE Dan,Luge,United States,24,73.0,170.0,25.3
JUAREZ Sofie,Alpine Skiing,Andorra,18,70.0,172.0,23.7
JUNG Dong-Hyun,Alpine Skiing,South Korea,21,74.0,180.0,22.8
JURCINA Milan,Ice Hockey,Slovakia,26,110.0,195.0,28.9
JURCOVA Petra,Ice Hockey,Slovakia,22,66.0,170.0,22.8
JURKIEWICZ Anna,Figure Skating,Poland,26,,155.0,
JUSKANE Zanna,Biathlon,Latvia,20,56.0,157.0,22.7
JUZHAKOV Vladislav,Luge,Russia,24,79.0,184.0,23.3
K. P. KESHAVAN Shiva,Luge,India,28,85.0,183.0,25.4
KABERLE Tomas,Ice Hockey,Czech Republic,31,85.0,187.0,24.3
KALDVEE Martten,Biathlon,Estonia,23,66.0,178.0,20.8
KALHOR Marjan,Alpine Skiing,Iran,21,60.0,168.0,21.3
KALINCHIK Liudmila,Biathlon,Belarus,27,59.0,164.0,21.9
KALININ Dmitry,Ice Hockey,Russia,29,96.0,189.0,26.9
KALINOVA Lubomira,Biathlon,Slovakia,28,56.0,170.0,19.4
KALLA Charlotte,Cross-Country Skiing,Sweden,22,60.0,162.0,22.9
KALNINS Peteris,Luge,Latvia,21,76.0,170.0,26.3
KALYUZHNY Aleksei,Ice Hockey,Belarus,32,84.0,178.0,26.5
KAMER Nadja,Alpine Skiing,Switzerland,23,76.0,179.0,23.7
KAMPHUIS Esme,Bobsleigh,Netherlands,26,74.0,178.0,23.4
KANE Patrick,Ice Hockey,United States,21,81.0,178.0,25.6
KANG Kwang-Bae,Bobsleigh,South Korea,36,95.0,180.0,29.3
KAPANEN Niko,Ice Hockey,Finland,31,80.0,177.0,25.5
KAPP Andreas,Curling,Germany,42,,185.0,
KAPUSTINA Alexandra,Ice Hockey,Russia,25,74.0,166.0,26.9
KAPUSTOVA Jana,Ice Hockey,Slovakia,26,65.0,171.0,22.2
KARADEMIR Tugba,Figure Skating,Turkey,24,,165.0,
KARAFIATOVA Iveta,Ice Hockey,Slovakia,21,66.0,174.0,21.8
KARBON Denise,Alpine Skiing,Italy,29,60.0,160.0,23.4
KARELIN Pavel,Ski Jumping,Russia,19,61.0,179.0,19.0
KAREV Andrei,Ice Hockey,Belarus,25,90.0,180.0,27.8
KARISIK Tanja,Cross-Country Skiing,Bosnia and Herzegovina,18,52.0,168.0,18.4
KARISIK Tanja,Biathlon,Bosnia and Herzegovina,18,52.0,168.0,18.4
KARL Benjamin,Snowboard,Austria,24,87.0,185.0,25.4
KARLSEN Truls Ove,Alpine Skiing,Norway,34,,,
KARNEYENKA Leanid,Cross-Country Skiing,Belarus,22,80.0,187.0,22.9
KARP Algo,Cross-Country Skiing,Estonia,24,81.0,192.0,22.0
KARPENKO Nikolay,Ski Jumping,Kazakhstan,28,64.0,179.0,20.0
KARSTENS Anke,Snowboard,Germany,24,68.0,174.0,22.5
KARSUMS Martins,Ice Hockey,Latvia,23,80.0,178.0,25.2
KARVINEN Michelle,Ice Hockey,Finland,19,69.0,166.0,25.0
KASAI Noriaki,Ski Jumping,Japan,37,60.0,177.0,19.2
KASHIWABARA Michiko,Cross-Country Skiing,Japan,18,53.0,160.0,20.7
KASPER Nolan,Alpine Skiing,United States,20,74.0,173.0,24.7
KATO Joji,Speed Skating,Japan,25,65.0,165.0,23.9
KATO Taihei,Nordic Combined,Japan,25,59.0,169.0,20.7
KATTILAKOSKI Teemu,Cross-Country Skiing,Finland,32,74.0,181.0,22.6
KAUNISMAKI Juha,Ice Hockey,Norway,30,84.0,187.0,24.0
KAVAGUTI Yuko,Figure Skating,Russia,28,,157.0,
KAYKAN Svetlana,Speed Skating,Russia,31,65.0,168.0,23.0
KAZAR Matej,Biathlon,Slovakia,26,74.0,186.0,21.4
KEARNEY Hannah,Freestyle Skiing,United States,23,68.0,168.0,24.1
KEITH Duncan,Ice Hockey,Canada,26,89.0,185.0,26.0
KEITURI Kalle,Ski Jumping,Finland,25,55.0,170.0,19.0
KELEMEN Zoltan,Figure Skating,Romania,23,,170.0,
KELLAR Becky,Ice Hockey,Canada,35,71.0,170.0,24.6
KELLER Markus,Snowboard,Switzerland,27,64.0,170.0,22.1
KELLY Michelle,Skeleton,Canada,35,62.0,162.0,23.6
KEMP Stacey,Figure Skating,Great Britain,21,,154.0,
KEMPF Andreas,Curling,Germany,42,,180.0,
KENANOV Miroslav,Biathlon,Bulgaria,21,73.0,182.0,22.0
KENESHEV Dias,Biathlon,Kazakhstan,24,65.0,172.0,22.0
KENNEDY Marc,Curling,Canada,28,,188.0,
KEPPLER Stephan,Alpine Skiing,Germany,27,92.0,183.0,27.5
KERR Errol,Freestyle Skiing,Jamaica,23,95.0,175.0,31.0
KERR John,Figure Skating,Great Britain,29,,173.0,
KERR Sinead,Figure Skating,Great Britain,31,,168.0,
KERSHAW Devon,Cross-Country Skiing,Canada,27,72.0,178.0,22.7
KERSTHOLT Niels,Short Track,Netherlands,26,76.0,180.0,23.5
KESLER Ryan,Ice Hockey,United States,25,92.0,188.0,26.0
KESSEL Phil,Ice Hockey,United States,22,82.0,180.0,25.3
KESZLER Andrea,Short Track,Hungary,20,62.0,174.0,20.5
KHACHATRYAN Kristine,Cross-Country Skiing,Armenia,20,55.0,160.0,21.5
KHAZOVA Irina,Cross-Country Skiing,Russia,25,61.0,170.0,21.1
KHELIFI Mehdhi-Selim,Cross-Country Skiing,Algeria,17,65.0,170.0,22.5
KHOKHLOVA Jana,Figure Skating,Russia,24,,155.0,
KHOMICH Alena,Ice Hockey,Russia,28,55.0,168.0,19.5
KHOREVA Natalia,Luge,Russia,23,72.0,168.0,25.5
KHRUSTALEVA Elena,Biathlon,Kazakhstan,29,53.0,162.0,20.2
KHURELBATAAR Khash-Erdene,Cross-Country Skiing,Mongolia,26,71.0,180.0,21.9
KHVOSTENKO Oksana,Biathlon,Ukraine,32,60.0,166.0,21.8
KILNER Ben,Snowboard,Great Britain,21,73.0,176.0,23.6
KILSGAARD Markus,Alpine Skiing,Denmark,17,90.0,185.0,26.3
KIM Donghyun,Bobsleigh,South Korea,22,80.0,185.0,23.4
KIM Ho-Jun,Snowboard,South Korea,19,62.0,175.0,20.2
KIM Hyun-Ki,Ski Jumping,South Korea,27,60.0,175.0,19.6
KIM Jung-Su,Bobsleigh,South Korea,28,75.0,170.0,26.0
KIM Min-Jung,Short Track,South Korea,24,48.0,160.0,18.7
KIM Seoung-Il,Short Track,South Korea,19,60.0,174.0,19.8
KIM Sun Joo,Alpine Skiing,South Korea,24,53.0,156.0,21.8
KIM Woo-Sung,Alpine Skiing,South Korea,23,78.0,170.0,27.0
KIM You-Lim,Speed Skating,South Korea,20,57.0,166.0,20.7
KIM Yu-Na,Figure Skating,South Korea,19,,164.0,
KINDL Wolfgang,Luge,Austria,21,80.0,167.0,28.7
KING David,Figure Skating,Great Britain,25,,184.0,
KINGSBURY Gina,Ice Hockey,Canada,28,62.0,173.0,20.7
KIPRUSOFF Miikka,Ice Hockey,Finland,33,85.0,185.0,24.8
KIRAMO Arttu,Freestyle Skiing,Finland,19,72.0,174.0,23.8
KIRCHEISEN Bjoern,Nordic Combined,Germany,26,75.0,187.0,21.4
KIRCHGASSER Michaela,Alpine Skiing,Austria,24,64.0,168.0,22.7
KIRIASIS Sandra,Bobsleigh,Germany,35,82.0,181.0,25.0
KIRKOVA Maria,Alpine Skiing,Bulgaria,24,65.0,165.0,23.9
KIROSKA Rosana,Cross-Country Skiing,Macedonia,19,62.0,173.0,20.7
KIS Andriy,Luge,Ukraine,27,92.0,187.0,26.3
KIVLENIEKS Inars,Luge,Latvia,23,88.0,183.0,26.3
KJAELL Viktor,Curling,Sweden,24,,183.0,
KJOELSTAD Johan,Cross-Country Skiing,Norway,26,,,
KLASSEN Cindy,Speed Skating,Canada,30,71.0,172.0,24.0
KLAVZAR Bostjan,Cross-Country Skiing,Slovenia,19,72.0,181.0,22.0
KLEIN Aika,Short Track,Germany,27,60.0,169.0,21.0
KLEIVDAL Roger-S,Snowboard,Norway,21,,,
KLENOVSKA Nina,Biathlon,Bulgaria,29,63.0,175.0,20.6
KLEPIC Maja,Alpine Skiing,Bosnia and Herzegovina,21,67.0,172.0,22.6
KLETCHEROV Michail,Biathlon,Bulgaria,27,51.0,161.0,19.7
KLING Kajsa,Alpine Skiing,Sweden,21,73.0,172.0,24.7
KLINGE Manuel,Ice Hockey,Germany,25,91.0,186.0,26.3
KLINGLER Michael,Bobsleigh,Liechtenstein,27,90.0,184.0,26.6
KLUG Chris,Snowboard,United States,37,102.0,191.0,28.0
KNEGT Sjinkie,Short Track,Netherlands,20,70.0,172.0,23.7
KNEIB Viktor,Luge,Russia,29,86.0,180.0,26.5
KNELLER Scott,Freestyle Skiing,Australia,20,90.0,180.0,27.8
KNIGHT Hilary,Ice Hockey,United States,20,78.0,178.0,24.6
KNOCH Viktor,Short Track,Hungary,20,75.0,180.0,23.1
KO Hyon-Suk,Speed Skating,North Korea,24,56.0,157.0,22.7
KOBAYASHI Norihito,Nordic Combined,Japan,27,63.0,174.0,20.8
KOBAYASHI Ryuichi,Bobsleigh,Japan,33,100.0,183.0,29.9
KOBER Amelie,Snowboard,Germany,22,58.0,168.0,20.5
KOBIAN Jan,Bobsleigh,Czech Republic,39,102.0,186.0,29.5
KOBUS Miroslaw,Biathlon,Poland,24,74.0,185.0,21.6
KOCH Martin,Ski Jumping,Austria,28,69.0,186.0,19.9
KOCHER Martina,Luge,Switzerland,24,60.0,172.0,20.3
KOCHER Zina,Biathlon,Canada,27,60.0,170.0,20.8
KOCON Yannick,Figure Skating,Italy,23,,175.0,
KODAIRA Nao,Speed Skating,Japan,23,60.0,164.0,22.3
KOFLER Andreas,Ski Jumping,Austria,25,64.0,180.0,19.8
KOHN Mike,Bobsleigh,United States,37,98.0,188.0,27.7
KOIV Kauri,Biathlon,Estonia,26,80.0,187.0,22.9
KOIVU Mikko,Ice Hockey,Finland,26,92.0,189.0,25.8
KOIVU Saku,Ice Hockey,Finland,35,82.0,179.0,25.6
KOIVURANTA Anssi,Nordic Combined,Finland,21,60.0,177.0,19.2
KOKK Kaspar,Cross-Country Skiing,Estonia,27,70.0,176.0,22.6
KOKLACA Agnese,Luge,Latvia,19,75.0,178.0,23.7
KOKSLIEN Mikko,Nordic Combined,Norway,24,,186.0,
KOKUBO Kazuhiro,Snowboard,Japan,21,54.0,164.0,20.1
KOLB Hanna,Cross-Country Skiing,Germany,18,61.0,173.0,20.4
KOLLER Patrick,Freestyle Skiing,Austria,26,102.0,193.0,27.4
KOLOMINA Elena,Cross-Country Skiing,Kazakhstan,29,52.0,159.0,20.6
KOLOSOV Sergei,Ice Hockey,Belarus,23,92.0,193.0,24.7
KOLTSOV Konstantin,Ice Hockey,Belarus,28,90.0,186.0,26.0
KOMURO Nozomi,Skeleton,Japan,24,63.0,162.0,24.0
KONG Yingchao,Biathlon,China,27,55.0,165.0,20.2
KONOPOVA Martina,Freestyle Skiing,Czech Republic,23,65.0,167.0,23.3
KOONS Benjamin,Cross-Country Skiing,New Zealand,23,89.0,188.0,25.2
KOOS Torin,Cross-Country Skiing,United States,29,84.0,188.0,23.8
KOPECKY Tomas,Ice Hockey,Slovakia,28,91.0,191.0,24.9
KORNEEV Konstantin,Ice Hockey,Russia,25,82.0,180.0,25.3
KORNILOV Denis,Ski Jumping,Russia,23,61.0,181.0,18.6
KOROLEV Alexey,Ski Jumping,Kazakhstan,22,63.0,179.0,19.7
KOROSTELEVA Natalia,Cross-Country Skiing,Russia,28,55.0,162.0,21.0
KOROTKOV Egor,Freestyle Skiing,Russia,23,73.0,181.0,22.3
KORPI Janne,Snowboard,Finland,24,71.0,178.0,22.4
KORPI Kiira,Figure Skating,Finland,21,,168.0,
KOSHEVOY Yevgeniy,Cross-Country Skiing,Kazakhstan,25,73.0,178.0,23.0
KOSHI Kazuhiro,Skeleton,Japan,45,82.0,173.0,27.4
KOSIC Bojan,Alpine Skiing,Montenegro,19,84.0,178.0,26.5
KOSIR Zan,Snowboard,Slovenia,25,78.0,184.0,23.0
KOSKELA Pekka,Speed Skating,Finland,27,87.0,187.0,24.9
KOSKI Markku,Snowboard,Finland,28,73.0,181.0,22.3
KOSTELIC Ivica,Alpine Skiing,Croatia,30,94.0,182.0,28.4
KOSTENKO Ekaterina,Figure Skating,Ukraine,25,,163.0,
KOSTITSYN Andrei,Ice Hockey,Belarus,25,91.0,183.0,27.2
KOSTITSYN Sergei,Ice Hockey,Belarus,22,89.0,183.0,26.6
KOSTIUCHENOK Viktor,Ice Hockey,Belarus,30,94.0,187.0,26.9
KOSTNER Carolina,Figure Skating,Italy,23,,170.0,
KOTNIK Glorija,Snowboard,Slovenia,20,53.0,160.0,20.7
KOUDELKA Roman,Ski Jumping,Czech Republic,20,57.0,171.0,19.5
KOUKAL Martin,Cross-Country Skiing,Czech Republic,31,70.0,176.0,22.6
KOVAL Vitali,Ice Hockey,Belarus,29,100.0,188.0,28.3
KOVALCHUK Ilya,Ice Hockey,Russia,26,99.0,188.0,28.0
KOVALEVSKI Anton,Figure Skating,Ukraine,24,,169.0,
KOWALCZYK Justyna,Cross-Country Skiing,Poland,27,60.0,173.0,20.0
KOYANDER Ellie,Freestyle Skiing,Great Britain,18,66.0,165.0,24.2
KOZISEK Dusan,Cross-Country Skiing,Czech Republic,26,78.0,185.0,22.8
KOZLOV Victor,Ice Hockey,Russia,35,106.0,195.0,27.9
KOZLOVSKY Ondrej,Bobsleigh,Czech Republic,27,88.0,180.0,27.2
KOZUKA Takahiko,Figure Skating,Japan,20,,170.0,
KRAAS Oliver,Cross-Country Skiing,South Africa,34,78.0,182.0,23.5
KRAJACIC Slaven,Bobsleigh,Croatia,29,94.0,182.0,28.4
KRAMER Sven,Speed Skating,Netherlands,23,80.0,185.0,23.4
KRANJEC Robert,Ski Jumping,Slovenia,28,60.0,175.0,19.6
KRAUPP Sebastian,Curling,Sweden,24,,183.0,
KRAUS Tomas,Freestyle Skiing,Czech Republic,35,93.0,183.0,27.8
KRAVCHUK Stanislav,Freestyle Skiing,Ukraine,31,78.0,182.0,23.5
KRECH Roman,Speed Skating,Kazakhstan,20,78.0,180.0,24.1
KRECZMER Maciej,Cross-Country Skiing,Poland,28,72.0,177.0,23.0
KREINER David,Nordic Combined,Austria,28,60.0,172.0,20.3
KREINER Marion,Snowboard,Austria,28,61.0,170.0,21.1
KREJCI David,Ice Hockey,Czech Republic,23,80.0,183.0,23.9
KREZELOK Janusz,Cross-Country Skiing,Poland,35,73.0,177.0,23.3
KRINGS Doresia,Snowboard,Austria,32,55.0,160.0,21.5
KRIPPS Justin,Bobsleigh,Canada,23,95.0,183.0,28.4
KRISTIANSEN Gro,Biathlon,Norway,32,,174.0,
KRISTO Katalin,Short Track,Romania,26,54.0,160.0,21.1
KRISTOFFERSEN Marthe,Cross-Country Skiing,Norway,20,,,
KRIUKOV Nikita,Cross-Country Skiing,Russia,24,74.0,184.0,21.9
KRIZAJ Andrej,Alpine Skiing,Slovenia,23,84.0,180.0,25.9
KRIZOVA Klara,Alpine Skiing,Czech Republic,20,77.0,179.0,24.0
KROELL Klaus,Alpine Skiing,Austria,29,95.0,186.0,27.5
KRONWALL Niklas,Ice Hockey,Sweden,29,87.0,183.0,26.0
KRUGLOV Nikolay,Biathlon,Russia,28,77.0,180.0,23.8
KRUMINA Gerda,Biathlon,Latvia,25,56.0,166.0,20.3
KRYZL Krystof,Alpine Skiing,Czech Republic,23,87.0,184.0,25.7
KUBA Filip,Ice Hockey,Czech Republic,33,96.0,192.0,26.0
KUBINA Pavel,Ice Hockey,Czech Republic,32,102.0,194.0,27.1
KUCK Jonathan,Speed Skating,United States,19,79.0,183.0,23.6
KUDO Kohei,Snowboard,Japan,20,53.0,166.0,19.2
KUDRASHOVA Olga,Biathlon,Belarus,31,54.0,165.0,19.8
KUENG Carmen,Curling,Switzerland,32,,168.0,
KUETTEL Andreas,Ski Jumping,Switzerland,30,63.0,182.0,19.0
KUHN Stefan,Cross-Country Skiing,Canada,30,72.0,175.0,23.5
KUHN Xavier,Freestyle Skiing,France,31,84.0,178.0,26.5
KUIPERS Simon,Speed Skating,Netherlands,27,85.0,186.0,24.6
KUISMA Mira,Ice Hockey,Finland,22,65.0,168.0,23.0
KUITUNEN Virpi,Cross-Country Skiing,Finland,33,65.0,174.0,21.5
KUKKONEN Lasse,Ice Hockey,Finland,28,90.0,184.0,26.6
KULAKOV Aleksandr,Ice Hockey,Belarus,26,89.0,182.0,26.9
KUMARITASHVILI Nodar,Luge,Georgia,21,80.0,179.0,25.0
KUMMEL Peeter,Cross-Country Skiing,Estonia,27,85.0,191.0,23.3
KUPCZYK Dawid,Bobsleigh,Poland,32,97.0,182.0,29.3
KUROWSKI Maciej,Luge,Poland,23,90.0,185.0,26.3
KUSHNIR Anton,Freestyle Skiing,Belarus,25,71.0,176.0,22.9
KUSKE Kevin,Bobsleigh,Germany,31,116.0,195.0,30.5
KUZIN Denis,Speed Skating,Kazakhstan,21,80.0,184.0,23.6
KUZMENKA Lizaveta,Alpine Skiing,Belarus,22,62.0,168.0,22.0
KUZMICH Michail,Luge,Russia,27,90.0,185.0,26.3
KUZMINA Anastazia,Biathlon,Slovakia,25,68.0,180.0,21.0
KUZZY Garrott,Cross-Country Skiing,United States,27,86.0,193.0,23.1
KVAKOVA Monika,Ice Hockey,Slovakia,21,61.0,164.0,22.7
KVICALA Matej,Luge,Czech Republic,20,77.0,183.0,23.0
KVINLOG GENLID Gro,Freestyle Skiing,Norway,33,,,
KWAK Adam,Biathlon,Poland,23,68.0,170.0,23.5
KWAK Min-Jung,Figure Skating,South Korea,16,,159.0,
KWAK Yoon-Gy,Short Track,South Korea,20,57.0,164.0,21.2
LAAKSONEN Emma,Ice Hockey,Finland,28,58.0,159.0,22.9
LABOECK Isabella,Snowboard,Germany,23,57.0,167.0,20.4
LABONTE Charline,Ice Hockey,Canada,27,78.0,175.0,25.5
LACHKOVICS Martin,Bobsleigh,Austria,35,92.0,178.0,29.0
LACROIX Sebastien,Nordic Combined,France,26,80.0,190.0,22.2
LADWIG Mark,Figure Skating,United States,29,,178.0,
LAFUENTE Sonia,Figure Skating,Spain,18,,162.0,
LAGO Scott,Snowboard,United States,22,77.0,185.0,22.5
LAHDENPERAE Anton,Alpine Skiing,Sweden,24,93.0,193.0,25.0
LAHEURTE Maxime,Nordic Combined,France,24,60.0,174.0,19.8
LAHTEENMAKI Krista,Cross-Country Skiing,Finland,19,56.0,160.0,21.9
LAIRD Anne,Curling,Great Britain,39,,165.0,
LAJTOS Szandra,Short Track,Hungary,23,64.0,170.0,22.1
LALENKOV Yevgeny,Speed Skating,Russia,28,85.0,187.0,24.3
LALLUKKA Juha,Cross-Country Skiing,Finland,30,69.0,180.0,21.3
LAMB Maria,Speed Skating,United States,24,59.0,168.0,20.9
LAMBERT Michael,Snowboard,Canada,23,76.0,178.0,24.0
LAMBERT Thomas,Freestyle Skiing,Switzerland,25,75.0,183.0,22.4
LAMBIEL Stephane,Figure Skating,Switzerland,24,,175.0,
LAMOUREUX Jocelyne,Ice Hockey,United States,20,70.0,168.0,24.8
LAMOUREUX Justin,Snowboard,Canada,33,75.0,188.0,21.2
LAMOUREUX Monique,Ice Hockey,United States,20,72.0,168.0,25.5
LAMPARTER Thomas,Bobsleigh,Switzerland,31,99.0,183.0,29.6
LAMY CHAPPUIS Jason,Nordic Combined,France,23,66.0,179.0,20.6
LANDERTINGER Dominik,Biathlon,Austria,22,75.0,188.0,21.2
LANG Andreas,Curling,Germany,30,,186.0,
LANGE Andre,Bobsleigh,Germany,36,100.0,188.0,28.3
LANGENBRUNNER Jamie,Ice Hockey,United States,34,93.0,185.0,27.2
LANGENHAN Andi,Luge,Germany,25,84.0,181.0,25.6
LANGLOIS Anabelle,Figure Skating,Canada,28,,149.0,
LANGTON Steven,Bobsleigh,United States,26,102.0,188.0,28.9
LANNES Carlos,Cross-Country Skiing,Argentina,30,64.0,174.0,21.1
LANOTTE Luca,Figure Skating,Italy,24,,177.0,
LARIONOV Yuri,Figure Skating,Russia,23,,178.0,
LARSEN Mikael Flygind,Speed Skating,Norway,27,,,
LARSSON Markus,Alpine Skiing,Sweden,31,83.0,183.0,24.8
LARSSON Mats,Cross-Country Skiing,Sweden,29,80.0,183.0,23.9
LASSILA Kalle,Cross-Country Skiing,Finland,25,77.0,179.0,24.0
LASSILA Lydia,Freestyle Skiing,Australia,28,54.0,157.0,21.9
LAUKKANEN Mari,Biathlon,Finland,22,58.0,171.0,19.8
LAUMANN YLVEN Martin,Ice Hockey,Norway,21,90.0,189.0,25.2
LAURENT PHILIPPOT Karine,Cross-Country Skiing,France,35,58.0,168.0,20.5
LAUSCHER Regan,Luge,Canada,29,70.0,174.0,23.1
LAVINS Rodrigo,Ice Hockey,Latvia,35,84.0,180.0,25.9
LAWLER Erika,Ice Hockey,United States,23,59.0,152.0,25.5
LAZAROVYCH Oleksandr,Ski Jumping,Ukraine,25,59.0,174.0,19.5
LAZZARONI David,Ski Jumping,France,25,67.0,185.0,19.6
le BIHAN Chris,Bobsleigh,Canada,32,100.0,188.0,28.3
le MOINE Anna,Curling,Sweden,36,,165.0,
LEBEDEV Aleksandr,Speed Skating,Russia,22,70.0,178.0,22.1
LEBEDEVA Anna,Biathlon,Kazakhstan,28,68.0,179.0,21.2
LEBEDEVA Ekaterina,Ice Hockey,Russia,20,66.0,166.0,24.0
LEBEDEVA Marina,Biathlon,Kazakhstan,24,54.0,165.0,19.8
LECCARDI Valerio,Cross-Country Skiing,Switzerland,25,71.0,174.0,23.5
LEE Bo-Ra,Speed Skating,South Korea,23,55.0,164.0,20.4
LEE Chae-Won,Cross-Country Skiing,South Korea,28,48.0,154.0,20.2
LEE Cheltzie,Figure Skating,Australia,16,,154.0,
LEE Eun-Byul,Short Track,South Korea,18,46.0,154.0,19.4
LEE Ho-Suk,Short Track,South Korea,23,62.0,168.0,22.0
LEE In-Bok,Biathlon,South Korea,25,60.0,172.0,20.3
LEE Jinhee,Bobsleigh,South Korea,25,88.0,180.0,27.2
LEE Jongwoo,Speed Skating,South Korea,24,70.0,178.0,22.1
LEE Jun Gil,Cross-Country Skiing,South Korea,24,61.0,173.0,20.4
LEE Jung-Su,Short Track,South Korea,20,60.0,173.0,20.0
LEE Ju-Youn,Speed Skating,South Korea,22,52.0,163.0,19.6
LEE Kang-Seok,Speed Skating,South Korea,24,71.0,178.0,22.4
LEE Ki-Ho,Speed Skating,South Korea,25,74.0,182.0,22.3
LEE Kyou-Hyuk,Speed Skating,South Korea,31,71.0,177.0,22.7
LEE Sang-Hwa,Speed Skating,South Korea,20,58.0,163.0,21.8
LEE Seung-Hoon,Speed Skating,South Korea,21,70.0,177.0,22.3
LEE Yong,Luge,South Korea,31,76.0,173.0,25.4
LEGKOV Alexander,Cross-Country Skiing,Russia,26,73.0,178.0,23.0
LEGUELLEC Jean Philippe,Biathlon,Canada,24,64.0,171.0,21.9
LEHMANN Kathrin,Ice Hockey,Switzerland,29,70.0,172.0,23.7
LEHMANN Robert,Speed Skating,Germany,26,78.0,182.0,23.5
LEHTINEN Jere,Ice Hockey,Finland,36,89.0,182.0,26.9
LEHTLA Kadri,Biathlon,Estonia,24,55.0,157.0,22.3
LEHTONEN Lari,Cross-Country Skiing,Finland,22,73.0,176.0,23.6
LEIMGRUBER Darcia,Ice Hockey,Switzerland,20,62.0,162.0,23.6
LEINONEN Sanni,Alpine Skiing,Finland,20,58.0,165.0,21.3
LEITNER Patric,Luge,Germany,32,92.0,189.0,25.8
LEONOVA Alena,Figure Skating,Russia,19,,158.0,
LEPISTO Laura,Figure Skating,Finland,21,,164.0,
LEPISTO Sami,Ice Hockey,Finland,25,85.0,178.0,26.8
LESSING Roland,Biathlon,Estonia,31,78.0,182.0,23.5
LEU Evelyne,Freestyle Skiing,Switzerland,33,62.0,167.0,22.2
LEVCHENKOVA Natalia,Biathlon,Moldova,32,52.0,160.0,20.3
LEWEN Lars,Freestyle Skiing,Sweden,34,90.0,174.0,29.7
LEYBYUK Roman,Cross-Country Skiing,Ukraine,33,74.0,181.0,22.6
LI Hongchen,Curling,China,34,,180.0,
LI Hongxue,Cross-Country Skiing,China,25,48.0,163.0,18.1
LI Lei,Alpine Skiing,China,22,75.0,180.0,23.1
LI Nina,Freestyle Skiing,China,27,50.0,160.0,19.5
LI Xin,Cross-Country Skiing,China,17,53.0,171.0,18.1
LIANG Wenhao,Short Track,China,17,62.0,165.0,22.8
LIBIETIS Kristaps,Biathlon,Latvia,27,65.0,174.0,21.5
LIDSTROM Nicklas,Ice Hockey,Sweden,39,86.0,185.0,25.1
LIDUMA Madara,Biathlon,Latvia,27,60.0,167.0,21.5
LIGETY Ted,Alpine Skiing,United States,25,87.0,180.0,26.9
LIGOCKA Paulina,Snowboard,Poland,25,65.0,169.0,22.8
LIGOCKI Mateusz,Snowboard,Poland,27,77.0,175.0,25.1
LIGOCKI Michal,Snowboard,Poland,24,72.0,177.0,23.0
LIKHACHOVA Galina,Speed Skating,Russia,32,65.0,168.0,23.0
LIMBACHER Andrea,Freestyle Skiing,Austria,20,60.0,162.0,22.9
LINCOLN-SMITH Emma,Skeleton,Australia,24,76.0,173.0,25.4
LIND Bjoern,Cross-Country Skiing,Sweden,31,87.0,190.0,24.1
LINDAHL Cathrine,Curling,Sweden,39,,163.0,
LINDBERG Fredrik,Curling,Sweden,24,,179.0,
LINDELL-VIKARBY Jessica,Alpine Skiing,Sweden,26,67.0,169.0,23.5
LINDEMANN Stefan,Figure Skating,Germany,29,,162.0,
LINDSAY Sarah,Short Track,Great Britain,29,62.0,172.0,21.0
LINDSEY Jana,Freestyle Skiing,United States,25,66.0,170.0,22.8
LINDSTEDT Rosa,Ice Hockey,Finland,22,80.0,186.0,23.1
LINDSTROM Fredrik,Biathlon,Sweden,20,76.0,180.0,23.5
LINGER Andreas,Luge,Austria,28,80.0,184.0,23.6
LINGER Wolfgang,Luge,Austria,27,72.0,177.0,23.0
LISTNER Ronny,Bobsleigh,Germany,31,107.0,190.0,29.6
LIU Fangyi,Speed Skating,China,27,80.0,182.0,24.2
LIU Jiayu,Snowboard,China,17,60.0,170.0,20.8
LIU Jinli,Curling,China,20,,170.0,
LIU Rui,Curling,China,27,,180.0,
LIU Xianwei,Short Track,China,22,69.0,175.0,22.5
LIU Xianying,Biathlon,China,32,50.0,160.0,19.5
LIU Yan,Figure Skating,China,25,,164.0,
LIU Yin,Curling,China,28,,165.0,
LIU Yuan-Yuan,Biathlon,China,27,55.0,165.0,20.2
LIU Zhixin,Ice Hockey,China,16,52.0,165.0,19.1
LIU Zhongqing,Freestyle Skiing,China,24,71.0,175.0,23.2
LIV Stefan,Ice Hockey,Sweden,29,80.0,184.0,23.6
LIVERS Toni,Cross-Country Skiing,Switzerland,26,73.0,182.0,22.0
LIVINSKAYA Yulia,Freestyle Skiing,Russia,19,57.0,164.0,21.2
LIZANA Valentina,Ice Hockey,Sweden,19,67.0,170.0,23.2
LIZEROUX Julien,Alpine Skiing,France,30,80.0,173.0,26.7
LOACKER Juergen,Bobsleigh,Austria,35,93.0,176.0,30.0
LOBKOV Dmitry,Speed Skating,Russia,29,78.0,178.0,24.6
LOBYSHEVA Yekaterina,Speed Skating,Russia,24,70.0,175.0,22.9
LOCH Felix,Luge,Germany,20,98.0,191.0,26.9
LOCH-WILKINSON Astrid,Bobsleigh,Australia,27,63.0,168.0,22.3
LOCKHART Jackie,Curling,Great Britain,44,,176.0,
LODWICK Todd,Nordic Combined,United States,33,68.0,179.0,21.2
LOESETH Mona,Alpine Skiing,Norway,18,,,
LOEVOLD Thomas,Curling,Norway,28,,,
LOGSCH Romy,Bobsleigh,Germany,28,85.0,182.0,25.7
LOITZL Wolfgang,Ski Jumping,Austria,30,63.0,180.0,19.4
LOLOVIC Jelena,Alpine Skiing,Serbia,28,62.0,168.0,22.0
LONGA Marianna,Cross-Country Skiing,Italy,30,54.0,167.0,19.4
LONGHI Jhonatan,Alpine Skiing,Brazil,22,85.0,178.0,26.8
LONGO Arthur,Snowboard,France,21,65.0,173.0,21.7
LOO Alexa,Snowboard,Canada,37,60.0,168.0,21.3
LOPUCHOVSKY Marcel,Bobsleigh,Slovakia,32,93.0,196.0,24.2
LOU Yue,Ice Hockey,China,22,60.0,160.0,23.4
LUDAN Lilia,Luge,Ukraine,40,90.0,170.0,31.1
LUEDERS Pierre,Bobsleigh,Canada,39,100.0,184.0,29.5
LUEDI Sanna,Freestyle Skiing,Switzerland,23,63.0,173.0,21.0
LUMSDEN Jesse,Bobsleigh,Canada,27,101.0,186.0,29.2
LUND Eva,Curling,Sweden,38,,169.0,
LUND Lars Erik,Ice Hockey,Norway,35,96.0,187.0,27.5
LUND Zach,Skeleton,United States,30,83.0,183.0,24.8
LUNDQVIST Henrik,Ice Hockey,Sweden,27,89.0,185.0,26.0
LUNDUP Tashi,Cross-Country Skiing,India,25,74.0,175.0,24.2
LUONGO Roberto,Ice Hockey,Canada,30,94.0,191.0,25.8
LUUSUA Tapio,Freestyle Skiing,Finland,28,80.0,185.0,23.4
LYDMAN Toni,Ice Hockey,Finland,32,90.0,185.0,26.3
LYSACEK Evan,Figure Skating,United States,24,,188.0,
LYSENSTOEN Andre,Ice Hockey,Norway,21,112.0,193.0,30.1
MA Chih-Hung,Luge,Chinese Taipei,24,68.0,175.0,22.2
MA Rui,Ice Hockey,China,20,69.0,172.0,23.3
MA Yunfeng,Short Track,China,26,63.0,168.0,22.3
MABBOUX Alexandre,Ski Jumping,France,18,60.0,174.0,19.8
MACDONALD Ewan,Curling,Great Britain,34,,177.0,
MACE Benjamin,Short Track,France,20,78.0,183.0,23.3
MACHNUTIN Vladimir,Luge,Russia,22,70.0,176.0,22.6
MACIUSZEK Paulina,Cross-Country Skiing,Poland,24,55.0,170.0,19.0
MACLEOD Carla,Ice Hockey,Canada,27,60.0,163.0,22.6
MACOVEI Bogdan,Luge,Moldova,27,70.0,173.0,23.4
MADER Regina,Alpine Skiing,Austria,24,61.0,168.0,21.6
MAE Jaak,Cross-Country Skiing,Estonia,37,80.0,181.0,24.4
MAEGERT- KOHLI Fraenzi,Snowboard,Switzerland,27,67.0,171.0,22.9
MAFFEI Cecilia,Short Track,Italy,25,60.0,166.0,21.8
MAGAL Jiri,Cross-Country Skiing,Czech Republic,32,65.0,174.0,21.5
MAIR David,Luge,Italy,25,81.0,180.0,25.0
MAITAKOV Sergei,Alpine Skiing,Russia,20,77.0,184.0,22.7
MAJDIC Petra,Cross-Country Skiing,Slovenia,30,66.0,177.0,21.1
MAKARAINEN Kaisa,Biathlon,Finland,27,57.0,171.0,19.5
MAKAROVA Ksenia,Figure Skating,Russia,17,,162.0,
MAKOWSKY Lucas,Speed Skating,Canada,22,78.0,180.0,24.1
MAKRITSKI Aleksandr,Ice Hockey,Belarus,38,90.0,186.0,26.0
MALAHOVA-SHISHKINA Svetlana,Cross-Country Skiing,Kazakhstan,32,67.0,178.0,21.1
MALAK Michal,Cross-Country Skiing,Slovakia,29,70.0,178.0,22.1
MALCHEVA Teodora,Cross-Country Skiing,Bulgaria,27,54.0,160.0,21.1
MALI Andreja,Biathlon,Slovenia,32,54.0,160.0,21.1
MALIN Markus,Snowboard,Finland,22,66.0,176.0,21.3
MALISZEWSKA Patrycja,Short Track,Poland,21,62.0,172.0,21.0
MALIUTIN Maksim,Ice Hockey,Belarus,21,72.0,179.0,22.5
MALKIN Evgeny,Ice Hockey,Russia,23,87.0,191.0,23.8
MALONE Jordan,Short Track,United States,25,65.0,168.0,23.0
MALONE Ryan,Ice Hockey,United States,30,100.0,193.0,26.8
MALTAIS Dominique,Snowboard,Canada,29,71.0,178.0,22.4
MALTAIS Valerie,Short Track,Canada,20,52.0,163.0,19.6
MALUSA Simone,Snowboard,Italy,36,83.0,180.0,25.6
MALYSHEVA Yekaterina,Speed Skating,Russia,23,62.0,168.0,22.0
MALYSZ Adam,Ski Jumping,Poland,32,54.0,170.0,18.7
MAN Dandan,Cross-Country Skiing,China,20,56.0,165.0,20.6
MANCUSO Julia,Alpine Skiing,United States,25,64.0,168.0,22.7
MANDRU Jorge,Alpine Skiing,Chile,23,82.0,182.0,24.8
MANHARD Julia,Freestyle Skiing,Germany,22,61.0,163.0,23.0
MANIFICAT Maurice,Cross-Country Skiing,France,23,73.0,185.0,21.3
MANN Alex,Bobsleigh,Germany,29,107.0,190.0,29.6
MANNIMA Tatjana,Cross-Country Skiing,Estonia,30,52.0,158.0,20.8
MANNINEN Hannu,Nordic Combined,Finland,31,83.0,189.0,23.2
MARBLER Margarita,Freestyle Skiing,Austria,34,50.0,157.0,20.3
MARCH Aaron,Snowboard,Italy,23,83.0,186.0,24.0
MARCHAND-ARVIER Marie,Alpine Skiing,France,24,64.0,164.0,23.8
MAREK Kornelia,Cross-Country Skiing,Poland,24,51.0,165.0,18.7
MARGUC Rok,Snowboard,Slovenia,23,83.0,180.0,25.6
MARIC Igor,Bobsleigh,Croatia,27,90.0,190.0,24.9
MARIC Janez,Biathlon,Slovenia,34,78.0,182.0,23.5
MARIN TARROCH Lluis,Snowboard,Andorra,21,80.0,186.0,23.1
MARINELLI Danko,Alpine Skiing,Croatia,22,92.0,184.0,27.2
MARKOV Andrey,Ice Hockey,Russia,31,90.0,183.0,26.9
MARLEAU Patrick,Ice Hockey,Canada,30,100.0,188.0,28.3
MARMOTTAN Anemone,Alpine Skiing,France,21,65.0,170.0,22.5
MARQUIS Vincent,Freestyle Skiing,Canada,25,72.0,175.0,23.5
MARSHALL Chelsea,Alpine Skiing,United States,23,74.0,165.0,27.2
MARSICANO Trevor,Speed Skating,United States,20,76.0,173.0,25.4
MARTIN Brad,Snowboard,Canada,23,81.0,180.0,25.0
MARTIN Brian,Luge,United States,36,76.0,170.0,26.3
MARTIN Kevin,Curling,Canada,43,,185.0,
MARTIN Kim,Ice Hockey,Sweden,23,66.0,166.0,24.0
MARTINI Cathleen,Bobsleigh,Germany,27,74.0,170.0,25.6
MARTY Julia,Ice Hockey,Switzerland,21,72.0,170.0,24.9
MARTY Stefanie,Ice Hockey,Switzerland,21,70.0,168.0,24.8
MARUSHCHAK Dmitry,Freestyle Skiing,Russia,29,62.0,164.0,23.1
MARVIN Gigi,Ice Hockey,United States,22,76.0,174.0,25.1
MASALSKIS Edgars,Ice Hockey,Latvia,29,78.0,177.0,24.9
MASKALANS Edgars,Bobsleigh,Latvia,27,92.0,180.0,28.4
MASLENNIKOV Sergej,Nordic Combined,Russia,27,65.0,175.0,21.2
MASSON Jeremy,Short Track,France,22,73.0,174.0,24.1
MATEJOVA Michaela,Ice Hockey,Slovakia,23,57.0,169.0,20.0
MATES Ben,Snowboard,Australia,26,79.0,175.0,25.8
MATHIEU Raphael,Curling,France,26,,177.0,
MATIASKO Marek,Biathlon,Slovakia,32,62.0,172.0,21.0
MATIASKO Miroslav,Biathlon,Slovakia,27,72.0,182.0,21.7
MATIJEVIC Slobodan,Bobsleigh,Serbia,21,88.0,184.0,26.0
MATROSSOVA Marina,Cross-Country Skiing,Kazakhstan,19,68.0,178.0,21.5
MATSOTSKA Bogdana,Alpine Skiing,Ukraine,20,65.0,175.0,21.2
MATT Andreas,Freestyle Skiing,Austria,27,100.0,192.0,27.1
MATT Mario,Alpine Skiing,Austria,30,84.0,188.0,23.8
MATTEI Jean Charles,Short Track,France,27,76.0,179.0,23.7
MATTSCHERODT Katrin,Speed Skating,Germany,28,70.0,165.0,25.7
MAU ASAM Liesbeth,Short Track,Netherlands,27,60.0,173.0,20.0
MAYER Juergen,Bobsleigh,Austria,33,106.0,183.0,31.7
MAZDZER Chris,Luge,United States,21,91.0,185.0,26.6
MAZE Tina,Alpine Skiing,Slovenia,27,68.0,171.0,23.3
MAZILU Maria Marinela,Skeleton,Romania,18,60.0,158.0,24.0
McCORKELL Jenna,Figure Skating,Great Britain,23,,165.0,
McCORMICK Debbie,Curling,United States,36,,170.0,
MCGARRY Kirsten,Alpine Skiing,Ireland,24,70.0,172.0,23.7
McINTOSH Cecilia,Bobsleigh,Australia,30,55.0,160.0,21.5
McIVOR Ashleigh,Freestyle Skiing,Canada,26,66.0,178.0,20.8
McJAMES Megan,Alpine Skiing,United States,22,59.0,168.0,20.9
McKEEVER Brian,Cross-Country Skiing,Canada,30,72.0,177.0,23.0
McKENNA Lesley,Snowboard,Great Britain,35,56.0,160.0,21.9
MCKENNIS Alice,Alpine Skiing,United States,20,69.0,168.0,24.4
McLAUGHLIN Brianne,Ice Hockey,United States,22,60.0,174.0,19.8
McLEISH Adam,Snowboard,Great Britain,30,84.0,183.0,25.1
McMURTRY Brent,Cross-Country Skiing,Canada,23,75.0,175.0,24.5
McPHIE Heather,Freestyle Skiing,United States,25,58.0,160.0,22.7
McRORIE Carolyn,Curling,Canada,46,,,
MEDVEDEVA Evgenia,Cross-Country Skiing,Russia,33,55.0,158.0,22.0
MEDVEDTSEVA Olga,Biathlon,Russia,34,59.0,163.0,22.2
MEGURO Moe,Curling,Japan,25,,163.0,
MEIER Christine,Ice Hockey,Switzerland,23,68.0,169.0,23.8
MEIER Sarah,Figure Skating,Switzerland,25,,164.0,
MEIJA Gints,Ice Hockey,Latvia,22,86.0,186.0,24.9
MEILER Simona,Snowboard,Switzerland,20,62.0,165.0,22.8
MELBARDIS Oskars,Bobsleigh,Latvia,21,100.0,186.0,28.9
MERIGHETTI Daniela,Alpine Skiing,Italy,28,66.0,168.0,23.4
MERMILLOD BLONDIN Thomas,Alpine Skiing,France,26,80.0,176.0,25.8
MERTANEN Terhi,Ice Hockey,Finland,28,68.0,166.0,24.7
MESCHIK Ina,Snowboard,Austria,19,57.0,160.0,22.3
MESLER Steve,Bobsleigh,United States,31,98.0,188.0,27.7
MESOTITSCH Daniel,Biathlon,Austria,33,80.0,181.0,24.4
MESZAROS Andrej,Ice Hockey,Slovakia,24,86.0,188.0,24.3
MEYER Fabienne,Bobsleigh,Switzerland,28,70.0,168.0,24.8
MEYERS Elana,Bobsleigh,United States,25,82.0,173.0,27.4
MEZIN Andrei,Ice Hockey,Belarus,35,78.0,182.0,23.5
MEZNAR Mitja,Ski Jumping,Slovenia,21,70.0,191.0,19.2
MEZULIC Mate,Bobsleigh,Croatia,28,92.0,181.0,28.1
MIAILLIER Sylvain,Freestyle Skiing,France,23,78.0,178.0,24.6
MICHALEK Milan,Ice Hockey,Czech Republic,25,102.0,188.0,28.9
MICHALEK Zbynek,Ice Hockey,Czech Republic,24,97.0,190.0,26.9
MICHIELIN Rahel,Ice Hockey,Switzerland,19,52.0,165.0,19.1
MICHIELLI Giuseppe,Nordic Combined,Italy,24,65.0,170.0,22.5
MIELZYNSKI Erin,Alpine Skiing,Canada,19,65.0,169.0,22.8
MIETTINEN Antti,Ice Hockey,Finland,29,88.0,182.0,26.6
MIETUS Krzysztof,Ski Jumping,Poland,18,55.0,172.0,18.6
MIKAYELYAN Sergey,Cross-Country Skiing,Armenia,17,65.0,180.0,20.1
MIKHALEV Andrei,Ice Hockey,Belarus,31,90.0,185.0,26.3
MIKHEEV Stanislav,Luge,Russia,20,66.0,172.0,22.3
MIKKELSON Meaghan,Ice Hockey,Canada,25,74.0,175.0,24.2
MIKLOS Edith,Alpine Skiing,Romania,21,70.0,163.0,26.3
MILLER Bode,Alpine Skiing,United States,32,92.0,188.0,26.0
MILLER Ryan,Ice Hockey,United States,29,79.0,188.0,22.4
MINAGAWA Kentaro,Alpine Skiing,Japan,32,88.0,173.0,29.4
MINATO Yusuke,Nordic Combined,Japan,24,75.0,183.0,22.4
MINICHIELLO Nicola,Bobsleigh,Great Britain,31,80.0,165.0,29.4
MININS Janis,Bobsleigh,Latvia,29,102.0,182.0,30.8
MIRAMBELL Ander,Skeleton,Spain,26,82.0,182.0,24.8
MIRANDA Cyril,Cross-Country Skiing,France,24,81.0,185.0,23.7
MIRHASHEMI ROTEH Seyed Mostafa,Cross-Country Skiing,Iran,35,70.0,178.0,22.1
MISSILLIER Steve,Alpine Skiing,France,25,80.0,186.0,23.1
MITCHELL Eric,Ski Jumping,Canada,17,56.0,174.0,18.5
MIYAUCHI Masaru,Bobsleigh,Japan,25,102.0,185.0,29.8
MLYNAR Peter,Cross-Country Skiing,Slovakia,21,80.0,186.0,23.1
MO Tae-Bum,Speed Skating,South Korea,20,72.0,177.0,23.0
MOAN Magnus H.,Nordic Combined,Norway,26,,190.0,
MODIN Fredrik,Ice Hockey,Sweden,35,100.0,193.0,26.8
MODIN Jesper,Cross-Country Skiing,Sweden,21,91.0,200.0,22.8
MOE-LANGE Yina,Alpine Skiing,Denmark,16,55.0,156.0,22.6
MOELGG Manfred,Alpine Skiing,Italy,27,78.0,179.0,24.3
MOELGG Manuela,Alpine Skiing,Italy,26,62.0,169.0,21.7
MOELLER David,Luge,Germany,28,91.0,188.0,25.7
MOENNE LOCCOZ Nelly,Snowboard,France,19,62.0,166.0,22.5
MOFFAT Chris,Luge,Canada,30,95.0,186.0,27.5
MOFFAT Mike,Luge,Canada,27,78.0,182.0,23.5
MOIR Scott,Figure Skating,Canada,22,,168.0,
MOISEEV Petr,Bobsleigh,Russia,23,93.0,187.0,26.6
MOISEYCHENKOV Denis,Bobsleigh,Russia,23,90.0,182.0,27.2
MOLLIN Bart,Alpine Skiing,Belgium,28,90.0,183.0,26.9
MONEY Dan,Bobsleigh,Great Britain,33,99.0,183.0,29.6
MONNET Thibaut,Ice Hockey,Switzerland,28,85.0,182.0,25.7
MONTGOMERY Jon,Skeleton,Canada,30,75.0,175.0,24.5
MOORE Kristie,Curling,Canada,30,,173.0,
MORAND Anais,Figure Skating,Switzerland,16,,153.0,
MORASSI Andrea,Ski Jumping,Italy,21,65.0,180.0,20.1
MORAVCIKOVA Zuzana,Ice Hockey,Slovakia,29,60.0,165.0,22.0
MORAVEC Ondrej,Biathlon,Czech Republic,25,72.0,181.0,22.0
MORGENSTERN Thomas,Ski Jumping,Austria,23,67.0,184.0,19.8
MORIARTY Jamie,Bobsleigh,United States,28,102.0,188.0,28.9
MORIGGL Thomas,Cross-Country Skiing,Italy,28,70.0,175.0,22.9
MORILOV Nikolay,Cross-Country Skiing,Russia,23,72.0,176.0,23.2
MORISON Matthew,Snowboard,Canada,22,76.0,180.0,23.5
MORODER Karin,Cross-Country Skiing,Italy,35,59.0,163.0,22.2
MOROZOV Alexey,Ice Hockey,Russia,32,91.0,188.0,25.7
MOROZOV Stanislav,Figure Skating,Ukraine,31,,187.0,
MORRICE Trevor,Ski Jumping,Canada,18,70.0,186.0,20.2
MORRIS David,Freestyle Skiing,Australia,25,67.0,171.0,22.9
MORRIS John,Curling,Canada,31,,188.0,
MORRISON Denny,Speed Skating,Canada,24,81.0,183.0,24.2
MORROW Brenden,Ice Hockey,Canada,31,93.0,183.0,27.8
MORSE Michael,Freestyle Skiing,United States,28,74.0,173.0,24.7
MOTOHASHI Mari,Curling,Japan,23,,161.0,
MOURAO Jaqueline,Cross-Country Skiing,Brazil,34,54.0,170.0,18.7
MOYSE Heather,Bobsleigh,Canada,31,72.0,178.0,22.7
MROZ Pawel,Bobsleigh,Poland,25,90.0,186.0,26.0
MUELLER Katrin,Freestyle Skiing,Switzerland,20,64.0,168.0,22.7
MUELLER Toni,Curling,Switzerland,25,,184.0,
MUIR Sophie,Speed Skating,Australia,26,70.0,172.0,23.7
MUIRHEAD Eve,Curling,Great Britain,19,,173.0,
MUKHORTOVA Maria,Figure Skating,Russia,24,,160.0,
MULDER Ronald,Speed Skating,Netherlands,23,80.0,185.0,23.4
MULLER Marcel,Ice Hockey,Germany,21,98.0,193.0,26.3
MULOCK Travis,Ice Hockey,Germany,24,88.0,183.0,26.3
MUN Ji-Hee,Biathlon,South Korea,21,53.0,165.0,19.5
MUN Joon,Speed Skating,South Korea,27,76.0,184.0,22.4
MUNRO Bree,Freestyle Skiing,Australia,28,62.0,162.0,23.6
MURAKAMI Daisuke,Snowboard,Japan,26,64.0,166.0,23.2
MURANEN Pirjo,Cross-Country Skiing,Finland,28,63.0,174.0,20.8
MURATA Arisa,Freestyle Skiing,Japan,19,48.0,151.0,21.1
MURDOCH David,Curling,Great Britain,31,,178.0,
MURPHY Sarah,Biathlon,New Zealand,21,59.0,152.0,25.5
MURPHY Tucker,Cross-Country Skiing,Bermuda,28,81.0,193.0,21.7
MURRAY Douglas,Ice Hockey,Sweden,29,109.0,191.0,29.9
MURRAY Julia,Freestyle Skiing,Canada,21,62.0,168.0,22.0
MURRAY Paul,Cross-Country Skiing,Australia,32,82.0,191.0,22.5
MUSGRAVE Andrew,Cross-Country Skiing,Great Britain,19,75.0,180.0,23.1
MUSTUKOVS Ervins,Ice Hockey,Latvia,25,85.0,188.0,24.0
MYHRE Lars Elton,Alpine Skiing,Norway,25,,,
MYHRER Andre,Alpine Skiing,Sweden,27,94.0,189.0,26.3
MYREN Klara,Ice Hockey,Sweden,18,69.0,172.0,23.3
MYSLICKI Jason,Nordic Combined,Canada,32,71.0,178.0,22.4
NABEEV Niyaz,Nordic Combined,Russia,20,68.0,182.0,20.5
NABHOLZ Katrin,Ice Hockey,Switzerland,23,57.0,167.0,20.4
NABOKOV Evgeny,Ice Hockey,Russia,34,91.0,183.0,27.2
NAGASHIMA Keiichiro,Speed Skating,Japan,27,70.0,174.0,23.1
NAGASU Mirai,Figure Skating,United States,16,,160.0,
NAKASHIMA Shiho,Snowboard,Japan,31,48.0,157.0,19.5
NAMGIAL Jamyang,Alpine Skiing,India,24,71.0,170.0,24.6
NAN Ioan-Gabriel,Alpine Skiing,Romania,29,70.0,170.0,24.2
NAPIER John,Bobsleigh,United States,23,100.0,191.0,27.4
NAROVEC Petr,Bobsleigh,Slovakia,32,100.0,189.0,28.0
NARUSE Nobu,Cross-Country Skiing,Japan,25,61.0,167.0,21.9
NASH Rick,Ice Hockey,Canada,25,99.0,193.0,26.6
NATORI Eri,Speed Skating,Japan,24,60.0,162.0,22.9
NATSUMI Madoka,Cross-Country Skiing,Japan,31,59.0,170.0,20.4
NAUMOVS Sergejs,Ice Hockey,Latvia,40,78.0,177.0,24.9
NAZAROVA Olga,Biathlon,Belarus,32,54.0,164.0,20.1
NEDELCU Ruxandra,Freestyle Skiing,Romania,25,47.0,161.0,18.1
NEILSON Drew,Snowboard,Canada,35,82.0,178.0,25.9
NELLA Tyler,Alpine Skiing,Canada,21,84.0,180.0,25.9
NEMAYA Yulia,Speed Skating,Russia,32,65.0,166.0,23.6
NERGAARD Torger,Curling,Norway,35,,,
NERSISYAN Arsen,Alpine Skiing,Armenia,22,79.0,179.0,24.7
NESBITT Christine,Speed Skating,Canada,24,73.0,171.0,25.0
NESTERENKO Lada,Cross-Country Skiing,Ukraine,33,51.0,161.0,19.7
NETZER Conradign,Freestyle Skiing,Switzerland,29,88.0,182.0,26.6
NEUMAYER Michael,Ski Jumping,Germany,31,65.0,181.0,19.8
NEUNER Magdalena,Cross-Country Skiing,Germany,23,59.0,165.0,21.7
NEUNER Magdalena,Biathlon,Germany,23,59.0,165.0,21.7
NEUREUTHER Felix,Alpine Skiing,Germany,25,86.0,184.0,25.4
NEVALAINEN Frida,Ice Hockey,Sweden,23,64.0,165.0,23.5
NEWELL Andrew,Cross-Country Skiing,United States,26,73.0,178.0,23.0
NICCUM Christian,Luge,United States,32,94.0,191.0,25.8
NICHOLSON Natalie,Curling,United States,33,,173.0,
NICOLL Mercedes,Snowboard,Canada,26,58.0,163.0,21.8
NIEDERMAYER Scott,Ice Hockey,Canada,36,91.0,185.0,26.6
NIEDZWIEDZKI Konrad,Speed Skating,Poland,25,78.0,180.0,24.1
NIEMINEN Tuomas,Speed Skating,Finland,28,81.0,185.0,23.7
NIEWIARA Marcin Piotr,Bobsleigh,Poland,28,95.0,191.0,26.0
NIGG Marina,Alpine Skiing,Liechtenstein,25,60.0,167.0,21.5
NIITTYMAKI Antero,Ice Hockey,Finland,29,85.0,183.0,25.4
NIKULIN Ilya,Ice Hockey,Russia,27,100.0,191.0,27.4
NILSSON Anna Maria,Biathlon,Sweden,26,63.0,178.0,19.9
NILSSON Mattias,Biathlon,Sweden,27,80.0,190.0,22.2
NINIS Jozef,Luge,Slovakia,28,80.0,177.0,25.5
NISHI Nobuyuki,Freestyle Skiing,Japan,24,65.0,165.0,23.9
NISKALA Janne,Ice Hockey,Finland,28,90.0,183.0,26.9
NISSEN Kyle,Freestyle Skiing,Canada,30,77.0,177.0,24.6
NIZIVIJS Aleksandrs,Ice Hockey,Latvia,33,78.0,177.0,24.9
NJEIM Chirine,Alpine Skiing,Lebanon,25,60.0,168.0,21.3
NKRUMAH-ACHEAMPONG Kwame,Alpine Skiing,Ghana,35,85.0,180.0,26.2
NOBLE Andrew,Alpine Skiing,Great Britain,25,89.0,182.0,26.9
NOBS Olivia,Snowboard,Switzerland,27,58.0,170.0,20.1
NOENS Nastasia,Alpine Skiing,France,21,65.0,177.0,20.7
NOFUJI Yuki,Snowboard,Japan,22,77.0,177.0,24.6
NOH Seon-Yeong,Speed Skating,South Korea,20,56.0,168.0,19.8
NORBERG Anette,Curling,Sweden,43,,174.0,
NORDIN Emma,Ice Hockey,Sweden,18,68.0,168.0,24.1
NORTHUG Petter Jr.,Cross-Country Skiing,Norway,24,,,
NOTZ Jedrij,Alpine Skiing,Azerbaijan,35,80.0,189.0,22.4
NOVAKOVIC Zana,Alpine Skiing,Bosnia and Herzegovina,24,58.0,164.0,21.6
NOVAKOWSKA Weronika,Biathlon,Poland,23,51.0,158.0,20.4
NOVIKOV Sergey,Biathlon,Belarus,30,75.0,184.0,22.2
NOVIKOV Sergey,Cross-Country Skiing,Russia,29,80.0,182.0,24.2
NOVITSKI Sergei,Figure Skating,Russia,28,,179.0,
NOVOSELIC Sofija,Alpine Skiing,Croatia,20,69.0,166.0,25.0
NOVOSELSKI Aleksei,Cross-Country Skiing,Lithuania,25,84.0,188.0,23.8
NOVOTNA Katerina,Short Track,Czech Republic,25,58.0,161.0,22.4
NOVOTNY Michal,Snowboard,Czech Republic,28,85.0,185.0,24.8
NURMBERG Tiiu,Alpine Skiing,Estonia,28,59.0,160.0,23.0
NURMENKARI Ari-Pekka,Figure Skating,Finland,26,,180.0,
NUSSBAUM Lucrece,Ice Hockey,Switzerland,23,67.0,173.0,22.4
NWUME Henry,Bobsleigh,Great Britain,33,114.0,191.0,31.2
NYMAN Steven,Alpine Skiing,United States,28,95.0,193.0,25.5
NYSTAD Claudia,Cross-Country Skiing,Germany,32,60.0,168.0,21.3
NYVLTOVA Eva,Cross-Country Skiing,Czech Republic,24,57.0,162.0,21.7
O CONNOR Shane,Alpine Skiing,Ireland,36,74.0,175.0,24.2
OBARA Tadashi,Speed Skating,Japan,26,74.0,173.0,24.7
OBERHOFER Karin,Biathlon,Italy,24,55.0,164.0,20.4
OBERSTOLZ Christian,Luge,Italy,32,83.0,177.0,26.5
OCHIRSUREN Erdene-Ochir,Cross-Country Skiing,Mongolia,24,61.0,164.0,22.7
OCHOWICZ Elli,Speed Skating,United States,26,61.0,160.0,23.8
OCHS Pierre,Freestyle Skiing,France,25,74.0,171.0,25.3
O'CONNOR Susan,Curling,Canada,32,,163.0,
ODA Nobunari,Figure Skating,Japan,22,,164.0,
ODUYA Johnny,Ice Hockey,Sweden,28,89.0,182.0,26.9
OENEMA Thijsje,Speed Skating,Netherlands,21,63.0,165.0,23.1
OETTL REYES Manfred,Alpine Skiing,Peru,16,60.0,165.0,22.0
OETTL REYES Ornella,Alpine Skiing,Peru,18,60.0,168.0,21.3
OFNER Katrin,Freestyle Skiing,Austria,19,63.0,170.0,21.8
OGLAGO Sebahattin,Cross-Country Skiing,Turkey,25,70.0,174.0,23.1
OGUCHI Takahisa,Luge,Japan,31,87.0,185.0,25.4
OH Min-Jee,Speed Skating,South Korea,24,53.0,165.0,19.5
OHLUND Mattias,Ice Hockey,Sweden,33,100.0,191.0,27.4
OHMIYA Anna,Curling,Japan,20,,165.0,
OHNO Apolo Anton,Short Track,United States,27,68.0,170.0,23.5
OHTA Akio,Speed Skating,Japan,25,73.0,175.0,23.8
OIKAWA Yuya,Speed Skating,Japan,29,72.0,172.0,24.3
OJASTE Triin,Cross-Country Skiing,Estonia,19,60.0,165.0,22.0
OKABE Takanobu,Ski Jumping,Japan,39,52.0,165.0,19.1
OKADA Rana,Snowboard,Japan,19,50.0,162.0,19.1
OKAZAKI Tomomi,Speed Skating,Japan,38,57.0,163.0,21.5
OLAFSEN Helene,Snowboard,Norway,19,,,
OLIMB Mathis,Ice Hockey,Norway,24,79.0,179.0,24.7
OLLI Harri,Ski Jumping,Finland,25,58.0,175.0,18.9
OLOFSSON-ZIDEK Anna Carin,Biathlon,Sweden,36,54.0,159.0,21.4
OLSEN Justin,Bobsleigh,United States,22,103.0,188.0,29.1
OLSSON Anna,Cross-Country Skiing,Sweden,33,60.0,165.0,22.0
OLSSON Hans,Alpine Skiing,Sweden,25,102.0,187.0,29.2
OLSSON Johan,Cross-Country Skiing,Sweden,29,,181.0,
OMISCHL Steve,Freestyle Skiing,Canada,31,63.0,177.0,20.1
ONDA Yuichi,Cross-Country Skiing,Japan,29,78.0,180.0,24.1
ONOLBAEVA Mariya,Ice Hockey,Russia,31,78.0,178.0,24.6
OPRJA Deyvid,Alpine Skiing,Estonia,27,77.0,174.0,25.4
ORANIC Mitja,Nordic Combined,Slovenia,23,67.0,172.0,22.6
ORESHNIKOV Roman,Bobsleigh,Russia,27,100.0,188.0,28.3
ORGUE Laura,Cross-Country Skiing,Spain,23,55.0,173.0,18.4
ORLOVA Anna,Luge,Latvia,37,85.0,175.0,27.8
ORPIK Brooks,Ice Hockey,United States,29,99.0,188.0,28.0
OS Alexander,Biathlon,Norway,30,,,
OSBORNE-PARADIS Manuel,Alpine Skiing,Canada,26,94.0,183.0,28.1
OST Isabell,Speed Skating,Germany,21,68.0,164.0,25.3
OSTBERG Cecilia,Ice Hockey,Sweden,19,65.0,166.0,23.6
OSWALD Pascal,Skeleton,Switzerland,30,85.0,185.0,24.8
OTT Mirjam,Curling,Switzerland,38,,165.0,
OUDENAARDEN Tamara,Speed Skating,Canada,22,65.0,174.0,21.5
OUELLETTE Caroline,Ice Hockey,Canada,30,78.0,180.0,24.1
OVECHKIN Alexander,Ice Hockey,Russia,24,99.0,188.0,28.0
OWENS Jenny,Freestyle Skiing,Australia,31,63.0,168.0,22.3
OZAKI Kai,Freestyle Skiing,Japan,22,65.0,165.0,23.9
OZAWA Mika,Short Track,Japan,24,52.0,161.0,20.1
PAAKKONEN Lasse,Cross-Country Skiing,Finland,23,77.0,180.0,23.8
PAC Erin,Bobsleigh,United States,29,76.0,170.0,26.3
PADIAL HERNANDEZ Victoria,Biathlon,Spain,21,53.0,165.0,19.5
PAERSON Anja,Alpine Skiing,Sweden,28,82.0,170.0,28.4
PAHLSSON Samuel,Ice Hockey,Sweden,32,94.0,181.0,28.7
PAIN Jeff,Skeleton,Canada,39,90.0,190.0,24.9
PAIPALS Janis,Cross-Country Skiing,Latvia,26,80.0,180.0,24.7
PAJALA Magdalena,Cross-Country Skiing,Sweden,24,64.0,173.0,21.4
PALFFY Zigmund,Ice Hockey,Slovakia,37,83.0,179.0,25.9
PALIC Tea,Alpine Skiing,Croatia,18,59.0,161.0,22.8
PALKA Krystyna,Biathlon,Poland,26,56.0,165.0,20.6
PANCOCHOVA Sarka,Snowboard,Czech Republic,19,53.0,156.0,21.8
PANDOV Assen,Short Track,Bulgaria,25,67.0,174.0,22.1
PANG Qing,Figure Skating,China,30,,160.0,
PANKRATOV Nikolay,Cross-Country Skiing,Russia,27,69.0,178.0,21.8
PANZHINSKIY Alexander,Cross-Country Skiing,Russia,20,78.0,184.0,23.0
PAPAMICHALOPOULOS Christopher,Alpine Skiing,Cyprus,21,75.0,176.0,24.2
PAPAMICHALOPOULOU Sophia,Alpine Skiing,Cyprus,19,56.0,160.0,21.9
PAPUKCHIEV Ivan,Luge,Bulgaria,23,80.0,180.0,24.7
PARIS Dominik,Alpine Skiing,Italy,20,96.0,183.0,28.7
PARISE Zach,Ice Hockey,United States,25,86.0,180.0,26.5
PARK Do-Yeong,Speed Skating,South Korea,17,49.0,158.0,19.6
PARK Seung-Hi,Short Track,South Korea,17,55.0,168.0,19.5
PARROTT Kyle,Speed Skating,Canada,24,86.0,185.0,25.1
PASINI Fabio,Cross-Country Skiing,Italy,29,76.0,180.0,23.5
PASINI Renato,Cross-Country Skiing,Italy,32,83.0,180.0,25.6
PATERLINI Thierry,Ice Hockey,Switzerland,34,96.0,183.0,28.7
PATZOLD Dimitri,Ice Hockey,Germany,27,80.0,180.0,24.7
PAVELEC Ondrej,Ice Hockey,Czech Republic,22,78.0,182.0,23.5
PAVELSKI Joe,Ice Hockey,United States,25,86.0,180.0,26.5
PEARSON Nick,Speed Skating,United States,30,95.0,193.0,25.5
PECHALAT Nathalie,Figure Skating,France,26,,163.0,
PECHENKIN Evgeny,Bobsleigh,Russia,36,105.0,190.0,29.1
PEDERSEN Maya,Skeleton,Switzerland,37,53.0,162.0,20.2
PEDERSEN Sverre Lunde,Speed Skating,Norway,17,,,
PEIFFER Arnd,Biathlon,Germany,22,82.0,185.0,24.0
PELTONEN Ville,Ice Hockey,Finland,36,84.0,180.0,25.9
PELTTARI Heidi,Ice Hockey,Finland,24,67.0,166.0,24.3
PENGILLY Adam,Skeleton,Great Britain,32,85.0,178.0,26.8
PENYAK Yosyf,Snowboard,Ukraine,25,83.0,170.0,28.7
PEPENE Paul Constantin,Cross-Country Skiing,Romania,21,68.0,174.0,22.5
PERAELAE Kirsi,Cross-Country Skiing,Finland,27,62.0,168.0,22.0
PERATHONER Christa,Biathlon,Italy,22,59.0,170.0,20.4
PERETTI Lucia,Short Track,Italy,19,54.0,164.0,20.1
PERKO Rok,Alpine Skiing,Slovenia,24,93.0,186.0,26.9
PERL Curdin,Cross-Country Skiing,Switzerland,25,74.0,181.0,22.6
PERMYAKOVA Olga,Ice Hockey,Russia,27,67.0,171.0,22.9
PERSYN Karen,Alpine Skiing,Belgium,26,71.0,173.0,23.7
PESKO Manuela Laura,Snowboard,Switzerland,31,56.0,170.0,19.4
PETERSON Jeret,Freestyle Skiing,United States,28,79.0,175.0,25.8
PETERSON Teodor,Cross-Country Skiing,Sweden,21,79.0,186.0,22.8
PETERSSON Haavard Vad,Curling,Norway,26,,,
PETROVIC Milanko,Biathlon,Serbia,21,81.0,188.0,22.9
PETROVSKAYA Kristina,Ice Hockey,Russia,29,64.0,170.0,22.1
PETTERSEN Oeystein,Cross-Country Skiing,Norway,27,,,
PETUKHOV Alexey,Cross-Country Skiing,Russia,26,82.0,176.0,26.5
PFEIFER Viktor,Figure Skating,Austria,22,,180.0,
PFISTER Daniel,Luge,Austria,23,90.0,183.0,26.9
PFISTER Manuel,Luge,Austria,21,86.0,174.0,28.4
PHANEUF Cynthia,Figure Skating,Canada,22,,168.0,
PICCARD Ted,Freestyle Skiing,France,31,78.0,173.0,26.1
PIDHRUSHNA Olena,Biathlon,Ukraine,23,70.0,174.0,23.1
PIEMAN Isabelle,Figure Skating,Belgium,26,,172.0,
PIERRON Veronique,Short Track,France,20,62.0,172.0,21.0
PIETILAE-HOLMNER Maria,Alpine Skiing,Sweden,23,64.0,170.0,22.1
PIETROPOLI Manuel,Snowboard,Italy,19,62.0,170.0,21.5
PIIROINEN Peetu,Snowboard,Finland,21,60.0,165.0,22.0
PIKL Primoz,Ski Jumping,Slovenia,27,61.0,180.0,18.8
PIKSONS Edgars,Biathlon,Latvia,26,76.0,178.0,24.0
PIKUS-PACE Noelle,Skeleton,United States,27,70.0,178.0,22.1
PILLER COTTRER Pietro,Cross-Country Skiing,Italy,35,72.0,180.0,22.2
PINTER Friedrich,Biathlon,Austria,31,79.0,186.0,22.8
PINZARU Victor,Biathlon,Moldova,18,79.0,187.0,22.6
PIPER Cherie,Ice Hockey,Canada,28,76.0,168.0,26.9
PITKANEN Joni,Ice Hockey,Finland,26,92.0,191.0,25.2
PITTIN Alessandro,Nordic Combined,Italy,20,61.0,166.0,22.1
PLAKALOVIC Mladen,Cross-Country Skiing,Bosnia and Herzegovina,18,72.0,185.0,21.0
PLANKENSTEINER Gerhard,Luge,Italy,38,98.0,190.0,27.1
PLEKANEC Tomas,Ice Hockey,Czech Republic,27,81.0,179.0,25.3
PLONER Alexander,Alpine Skiing,Italy,31,85.0,181.0,25.9
PLOTOGEA Dana,Biathlon,Romania,28,64.0,173.0,21.4
PLUSHENKO Evgeni,Figure Skating,Russia,27,,176.0,
PLUSS Martin,Ice Hockey,Switzerland,32,85.0,175.0,27.8
PLYS Chris,Curling,United States,22,,185.0,
POCIECHA Domen,Luge,Slovenia,24,82.0,184.0,24.2
PODLADTCHIKOV Iouri,Snowboard,Switzerland,21,82.0,181.0,25.0
POIRIER Paul,Figure Skating,Canada,18,,175.0,
POISSON David,Alpine Skiing,France,27,88.0,172.0,29.7
POLAK Roman,Ice Hockey,Czech Republic,23,105.0,186.0,30.4
POLESCHUK Danielle,Freestyle Skiing,Canada,24,65.0,165.0,23.9
POLTARANIN Alexey,Cross-Country Skiing,Kazakhstan,22,73.0,185.0,21.3
POPOV Evgeny,Bobsleigh,Russia,33,100.0,181.0,30.5
POSA Mariia,Ice Hockey,Finland,21,59.0,164.0,21.9
POSTIC Teodora,Figure Skating,Slovenia,25,,165.0,
POTEMKINA Valeriya,Short Track,Russia,24,50.0,165.0,18.4
POTTER Jenny,Ice Hockey,United States,31,66.0,163.0,24.8
POTTINGER Allison,Curling,United States,36,,155.0,
POULIN Marie-Philip,Ice Hockey,Canada,18,72.0,168.0,25.5
POULSEN Mikkel,Curling,Denmark,25,,183.0,
POUTALA Mika,Speed Skating,Finland,26,77.0,177.0,24.6
POUTIAINEN Tanja,Alpine Skiing,Finland,29,67.0,170.0,23.2
POZZO Oceane,Snowboard,France,21,60.0,170.0,20.8
POZZOLINI Stefano,Snowboard,Italy,32,65.0,176.0,21.0
PRANGER Manfred,Alpine Skiing,Austria,32,89.0,184.0,26.3
PRAUS Sebastian,Short Track,Germany,29,75.0,182.0,22.6
PRAVLIKOVA Petra,Ice Hockey,Slovakia,24,72.0,175.0,23.5
PREFONTAINE Marie-Pier,Alpine Skiing,Canada,21,66.0,162.0,25.1
PREKOPOVA Natalia,Biathlon,Slovakia,20,52.0,162.0,19.8
PREVC Peter,Ski Jumping,Slovenia,17,56.0,178.0,17.7
PRIVIVKOVA Ludmila,Curling,Russia,23,,169.0,
PROCHAZKOVA Alena,Cross-Country Skiing,Slovakia,25,57.0,171.0,19.5
PROMMEGGER Andreas,Snowboard,Austria,29,80.0,180.0,24.7
PRONGER Chris,Ice Hockey,Canada,35,97.0,198.0,24.7
PROSTEVA Elena,Alpine Skiing,Russia,19,56.0,163.0,21.1
PRUDNIKOV Sergey,Bobsleigh,Russia,24,105.0,189.0,29.4
PRUGOVA Anna,Ice Hockey,Russia,16,62.0,174.0,20.5
PUCKETT Casey,Freestyle Skiing,United States,37,93.0,178.0,29.4
PUGH Duncan Michael,Bobsleigh,Australia,35,105.0,190.0,29.1
PUJACS Georgijs,Ice Hockey,Latvia,28,90.0,184.0,26.6
PULLIN Alex,Snowboard,Australia,22,84.0,185.0,24.5
PUOLAKKA Markus,Speed Skating,Finland,24,75.0,180.0,23.1
PURDEA Mihaela,Biathlon,Romania,27,54.0,164.0,20.1
PUTSKO Olexandr,Cross-Country Skiing,Ukraine,28,70.0,172.0,23.7
PUTZE Martin,Bobsleigh,Germany,25,100.0,181.0,30.5
PUURUNEN Paavo,Biathlon,Finland,36,69.0,179.0,21.5
PYSARENKO Lyudmyla,Biathlon,Ukraine,26,57.0,164.0,21.2
QI Guangpu,Freestyle Skiing,China,19,60.0,170.0,20.8
QI Xueting,Ice Hockey,China,23,58.0,158.0,23.2
QUICK Jonathan,Ice Hockey,United States,24,101.0,185.0,29.5
RADANOVA Evgenia,Short Track,Bulgaria,32,65.0,166.0,23.6
RADENOVIC Carmen,Bobsleigh,Romania,28,68.0,164.0,25.3
RADIVOJEVIC Branko,Ice Hockey,Slovakia,29,90.0,186.0,26.0
RADJENOVIC Vuk,Bobsleigh,Serbia,26,105.0,190.0,29.1
RADKEVICH Svetlana,Speed Skating,Belarus,30,62.0,166.0,22.5
RADULOV Alexander,Ice Hockey,Russia,23,84.0,186.0,24.3
RAFALSKI Brian,Ice Hockey,United States,36,88.0,178.0,27.8
RAHLVES Daron,Freestyle Skiing,United States,36,82.0,175.0,26.8
RAICH Benjamin,Alpine Skiing,Austria,31,83.0,182.0,25.1
RAIMO Federico,Snowboard,Italy,23,81.0,174.0,26.8
RAINER Reinhold,Luge,Italy,36,88.0,181.0,26.9
RAJAHUHTA Annina,Ice Hockey,Finland,20,62.0,164.0,23.1
RAJDLOVA Kamila,Cross-Country Skiing,Czech Republic,31,61.0,172.0,20.6
RAKHIMOVA Regina,Freestyle Skiing,Russia,20,60.0,159.0,23.7
RAKIMGALIEV Abzal,Figure Skating,Kazakhstan,17,,170.0,
RAKOVA Edita,Ice Hockey,Slovakia,31,64.0,171.0,21.9
RALLI Sophia,Alpine Skiing,Greece,21,61.0,161.0,23.5
RAMBERGER Maria,Snowboard,Austria,23,54.0,166.0,19.6
RAMOIN Tony,Snowboard,France,21,74.0,183.0,22.1
RAND Taavi,Figure Skating,Estonia,17,,177.0,
RANDALL Kikkan,Cross-Country Skiing,United States,27,62.0,163.0,23.3
RANEY-NORMAN Catherine,Speed Skating,United States,29,66.0,168.0,23.4
RANIGLER Carmen,Snowboard,Italy,33,59.0,167.0,21.2
RANKEL Andre,Ice Hockey,Germany,24,92.0,186.0,26.6
RANTAMAKI Karoliina,Ice Hockey,Finland,31,65.0,163.0,24.5
RASIMOVICIUTE Diana,Biathlon,Lithuania,25,52.0,163.0,19.6
RASTORGUJEVS Andrejs,Biathlon,Latvia,21,70.0,181.0,21.4
RATKIC Ivan,Alpine Skiing,Croatia,23,85.0,181.0,25.9
RATY Noora,Ice Hockey,Finland,20,68.0,165.0,25.0
RAVNIKAR Dijana,Biathlon,Slovenia,31,53.0,168.0,18.8
RAYANOVA Lyaysan,Alpine Skiing,Russia,21,62.0,166.0,22.5
RAZYM Ales,Cross-Country Skiing,Czech Republic,23,75.0,180.0,23.1
RAZZOLI Giuliano,Alpine Skiing,Italy,25,88.0,182.0,26.6
READ Stefan,Ski Jumping,Canada,22,65.0,176.0,21.0
REBENSBURG Viktoria,Alpine Skiing,Germany,20,66.0,170.0,22.8
RECCHIA Lucia,Alpine Skiing,Italy,30,70.0,171.0,23.9
REDLIHS Krisjanis,Ice Hockey,Latvia,29,91.0,190.0,25.2
REDLIHS Mikelis,Ice Hockey,Latvia,25,80.0,180.0,24.7
REED Allison,Figure Skating,Georgia,15,,165.0,
REED Cathy,Figure Skating,Japan,22,,168.0,
REED Chris,Figure Skating,Japan,20,,185.0,
REGEC Branislav,Luge,Slovakia,24,65.0,167.0,23.3
REHEMAA Aivar,Cross-Country Skiing,Estonia,27,76.0,194.0,20.2
REICHELT Hannes,Alpine Skiing,Austria,29,86.0,184.0,25.4
REICHELT Tom,Cross-Country Skiing,Germany,27,70.0,175.0,22.9
REIHERD Dmitriy,Freestyle Skiing,Kazakhstan,21,65.0,176.0,21.0
REITHMAYER Nina,Luge,Austria,25,65.0,170.0,22.5
REITMAYEROVA Ivana,Figure Skating,Slovakia,17,,164.0,
REKDAL Anders,Freestyle Skiing,Norway,23,,,
REKIS Arvids,Ice Hockey,Latvia,31,90.0,185.0,26.3
REKIS Guntis,Luge,Latvia,35,89.0,177.0,28.4
REMPEL Shannon,Speed Skating,Canada,25,67.0,173.0,22.4
REN Hui,Speed Skating,China,26,75.0,180.0,23.1
RENNER Sara,Cross-Country Skiing,Canada,33,63.0,168.0,22.3
RENZHYN Mykhaylo,Alpine Skiing,Israel,32,78.0,182.0,23.5
RESCH Alexander,Luge,Germany,30,75.0,179.0,23.4
RESHETKOVA Olga,Cross-Country Skiing,Kyrgyzstan,28,65.0,172.0,22.0
REUTTER Katherine,Short Track,United States,21,61.0,170.0,21.1
REVILLET Aurelie,Alpine Skiing,France,24,73.0,173.0,24.4
REZLEROVA Magda,Biathlon,Czech Republic,27,55.0,163.0,20.7
RI Song Chol,Figure Skating,North Korea,23,,168.0,
RIBELA Leandro,Cross-Country Skiing,Brazil,29,81.0,184.0,23.9
RICCIARDI Aluan,Snowboard,France,22,87.0,188.0,24.6
RICHARD Cyprien,Alpine Skiing,France,31,78.0,177.0,24.9
RICHARDS Kristi,Freestyle Skiing,Canada,28,57.0,157.0,23.1
RICHARDS Michael,Ice Hockey,Canada,25,89.0,181.0,27.2
RICHARDSON Heather,Speed Skating,United States,20,67.0,178.0,21.1
RICHARDSON Kaylin,Alpine Skiing,United States,25,70.0,178.0,22.1
RICHARDSSON Daniel,Cross-Country Skiing,Sweden,27,,192.0,
RICKER Maelle,Snowboard,Canada,31,63.0,169.0,22.1
RIECHSTEINER Claudia,Ice Hockey,Switzerland,24,65.0,167.0,23.3
RIEGLER Claudia,Snowboard,Austria,36,72.0,169.0,25.2
RIEGLER Manuela,Snowboard,Austria,35,64.0,169.0,22.4
RIEMEN Karolina,Freestyle Skiing,Poland,21,71.0,175.0,23.2
RIENDA Maria Jose,Alpine Skiing,Spain,34,68.0,167.0,24.4
RIESCH Maria,Alpine Skiing,Germany,25,81.0,182.0,24.5
RIESCH Susanne,Alpine Skiing,Germany,22,79.0,181.0,24.1
RINALDI Claudio,Short Track,Italy,22,71.0,181.0,21.7
RISTEVSKI Antonio,Alpine Skiing,Macedonia,20,84.0,180.0,25.9
RIVA Sergio,Bobsleigh,Italy,26,90.0,180.0,27.8
ROARK Michelle,Freestyle Skiing,United States,35,49.0,152.0,21.2
ROBERGE Francois-Olivier,Speed Skating,Canada,24,83.0,186.0,24.0
ROBERGE Kalyna,Short Track,Canada,23,49.0,160.0,19.1
ROBERTS Iain,Skeleton,New Zealand,30,76.0,178.0,24.0
ROBERTS Nathan,Freestyle Skiing,United States,27,75.0,178.0,23.7
ROBERTS Wynn,Biathlon,United States,21,81.0,185.0,23.7
ROBERTSON Mike,Snowboard,Canada,24,83.0,185.0,24.3
ROBILLARD Melanie,Curling,Germany,27,,168.0,
ROCHAT Laurence,Cross-Country Skiing,Switzerland,30,62.0,176.0,20.0
ROCHETTE Joannie,Figure Skating,Canada,24,,160.0,
RODE Roberts,Alpine Skiing,Latvia,22,83.0,182.0,25.1
RODIGARI Nicola,Short Track,Italy,28,69.0,170.0,23.9
RODIONOVA Alexandra,Luge,Russia,26,65.0,172.0,22.0
RODIONOVA Yuliya,Freestyle Skiing,Kazakhstan,20,56.0,176.0,18.1
RODRIGUEZ Jennifer,Speed Skating,United States,33,56.0,163.0,21.1
RODRIGUEZ Sophie,Snowboard,France,21,57.0,168.0,20.2
ROEDIGER Alexander,Bobsleigh,Germany,24,95.0,183.0,28.4
ROENNING Eldar,Cross-Country Skiing,Norway,27,,,
ROGELJ Rok,Snowboard,Slovenia,22,85.0,181.0,25.9
ROGSTAD Solveig,Biathlon,Norway,27,,,
ROHBOCK Shauna,Bobsleigh,United States,32,75.0,173.0,25.1
ROJLER Johan,Speed Skating,Sweden,28,82.0,183.0,24.5
ROKITA Anna,Speed Skating,Austria,24,60.0,173.0,20.0
ROLINEK Tomas,Ice Hockey,Czech Republic,29,83.0,177.0,26.5
ROLLAND Marion,Alpine Skiing,France,27,77.0,167.0,27.6
ROLLESTON Jeremy,Bobsleigh,Australia,37,98.0,178.0,30.9
ROMANINI Samuele,Bobsleigh,Italy,33,105.0,186.0,30.4
ROMANOVA Iana,Biathlon,Russia,26,61.0,166.0,22.1
ROMAR Andreas,Alpine Skiing,Finland,20,91.0,190.0,25.2
ROMMEL Frank,Skeleton,Germany,25,75.0,182.0,22.6
ROMOEREN Bjoern Einar,Ski Jumping,Norway,28,,182.0,
ROMY Kevin,Ice Hockey,Switzerland,25,88.0,182.0,26.6
RONKAINEN Mikko,Freestyle Skiing,Finland,31,64.0,166.0,23.2
ROOKARD Jilleanne,Speed Skating,United States,27,61.0,160.0,23.8
ROOTH Maria,Ice Hockey,Sweden,30,72.0,176.0,23.2
ROPONEN Riitta-Liisa,Cross-Country Skiing,Finland,31,54.0,161.0,20.8
ROSEN A. J.,Luge,Great Britain,25,85.0,189.0,23.8
ROSHINA Tatjana,Cross-Country Skiing,Kazakhstan,22,56.0,171.0,19.2
ROSLIAKOV Ilja,Ski Jumping,Russia,26,65.0,185.0,19.0
ROTCHEVA Olga,Cross-Country Skiing,Russia,31,68.0,178.0,21.5
ROUSSEAU Pierre-Alexandre,Freestyle Skiing,Canada,30,68.0,174.0,22.5
ROUX Christophe,Alpine Skiing,Moldova,26,78.0,183.0,23.3
ROYMARK Martin,Ice Hockey,Norway,23,86.0,184.0,25.4
RUBENIS Martins,Luge,Latvia,31,85.0,183.0,25.4
RUBENS Shona,Alpine Skiing,Canada,23,78.0,170.0,27.0
RUDAKOVA Ekaterina,Cross-Country Skiing,Belarus,26,53.0,163.0,19.9
RUDIC Marko,Alpine Skiing,Bosnia and Herzegovina,20,82.0,184.0,24.2
RUDMAN Shelley,Skeleton,Great Britain,28,55.0,170.0,19.0
RUEEGG Ivo,Bobsleigh,Switzerland,38,99.0,185.0,28.9
RUEGER Ronnie,Ice Hockey,Switzerland,36,89.0,186.0,25.7
RUGGIERO Angela,Ice Hockey,United States,30,86.0,175.0,28.1
RUIZ CASTILLO Carolina,Alpine Skiing,Spain,28,66.0,165.0,24.2
RUIZ Diego,Cross-Country Skiing,Spain,32,65.0,176.0,21.0
RUKKE Christoffer Fagerli,Speed Skating,Norway,21,,,
RUMIANCEV Vitalij,Alpine Skiing,Lithuania,24,72.0,178.0,22.7
RUMYANTSEV Alexander,Speed Skating,Russia,23,75.0,180.0,23.1
RUNDQVIST Danijela,Ice Hockey,Sweden,25,75.0,178.0,23.7
RUNGGALDIER Lukas,Nordic Combined,Italy,22,60.0,169.0,21.0
RUOTSALAINEN Ilona,Snowboard,Finland,29,63.0,168.0,22.3
RUPIL Silvia,Cross-Country Skiing,Italy,24,57.0,173.0,19.0
RUPNIK Vasja,Biathlon,Slovenia,32,85.0,189.0,23.8
RUSH Lyndon,Bobsleigh,Canada,29,102.0,183.0,30.5
RUTHEMANN Ivo,Ice Hockey,Switzerland,33,77.0,173.0,25.7
RUTKOWSKI Lukasz,Ski Jumping,Poland,22,61.0,176.0,19.7
RUUTU Jarkko,Ice Hockey,Finland,34,94.0,188.0,26.6
RUUTU Tuomo,Ice Hockey,Finland,26,94.0,184.0,27.8
RYADINSKI Aleksandr,Ice Hockey,Belarus,31,93.0,189.0,26.0
RYAN Anthony,Bobsleigh,Australia,29,100.0,185.0,29.2
RYAN Bobby,Ice Hockey,United States,22,94.0,188.0,26.6
RYBAKOVA Natalya,Speed Skating,Kazakhstan,28,,178.0,
RYBALOVA Darya,Freestyle Skiing,Kazakhstan,21,57.0,162.0,21.7
RYDING David,Alpine Skiing,Great Britain,23,74.0,180.0,22.8
RYDZEK Johannes,Nordic Combined,Germany,18,61.0,179.0,19.0
RYYNAENEN Janne,Nordic Combined,Finland,22,58.0,175.0,18.9
RZEPKA Michelle,Bobsleigh,United States,26,79.0,170.0,27.3
SAAREPUU Anti,Cross-Country Skiing,Estonia,26,77.0,179.0,24.0
SAARINEN Aino- Kaisa,Cross-Country Skiing,Finland,31,58.0,166.0,21.0
SAARINEN Mari,Ice Hockey,Finland,28,66.0,172.0,22.3
SABLIKOVA Martina,Speed Skating,Czech Republic,22,54.0,171.0,18.5
SABOLOVA Veronika,Luge,Slovakia,29,65.0,168.0,23.0
SACHENBACHER-STEHLE Evi,Cross-Country Skiing,Germany,29,55.0,162.0,21.0
SACHTJEN Tracy,Curling,United States,40,,173.0,
SADAKANE Hiroko,Short Track,Japan,23,52.0,160.0,20.3
SADAR Cilka,Snowboard,Slovenia,18,58.0,164.0,21.6
SAFAR Zdenek,Freestyle Skiing,Czech Republic,31,80.0,175.0,26.1
SAINT-GENIES Gregory,Skeleton,France,32,78.0,177.0,24.9
SAKAI Yui,Short Track,Japan,22,58.0,161.0,22.4
SAKURAI Biba,Short Track,Japan,20,49.0,152.0,21.2
SALEI Ruslan,Ice Hockey,Belarus,35,96.0,184.0,28.4
SALO Sami,Ice Hockey,Finland,35,95.0,192.0,25.8
SAMSAL Dalibor,Alpine Skiing,Croatia,24,90.0,184.0,26.6
SAMUELSON Emily,Figure Skating,United States,19,,163.0,
SANDBECH Staale,Snowboard,Norway,16,,,
SANDELL Marcus,Alpine Skiing,Finland,22,83.0,177.0,26.5
SANDFORD Ben,Skeleton,New Zealand,30,93.0,197.0,24.0
SANNIKOVA Alena,Cross-Country Skiing,Belarus,29,63.0,174.0,20.8
SANNITZ Raffaele,Ice Hockey,Switzerland,26,91.0,187.0,26.0
SARASOJA Riikka,Cross-Country Skiing,Finland,27,55.0,164.0,20.4
SARCEVIC Igor,Bobsleigh,Serbia,25,94.0,193.0,25.2
SASAKI Akira,Alpine Skiing,Japan,28,88.0,182.0,26.6
SATAN Miroslav,Ice Hockey,Slovakia,35,87.0,188.0,24.6
SATOYA Tae,Freestyle Skiing,Japan,33,55.0,165.0,20.2
SAUE Eveli,Biathlon,Estonia,26,54.0,163.0,20.3
SAUERBREIJ Nicolien,Snowboard,Netherlands,30,57.0,163.0,21.5
SAUVEY Sarah,Freestyle Skiing,Great Britain,26,61.0,169.0,21.4
SAVCHENKO Aliona,Figure Skating,Germany,26,,153.0,
SAVEH SHEMSHAKI Hossein,Alpine Skiing,Iran,24,75.0,180.0,23.1
SAVEH SHEMSHAKI Porya,Alpine Skiing,Iran,22,64.0,177.0,20.4
SAVEHSHEMSHAKI Hossein,Cross-Country Skiing,Iran,26,68.0,170.0,23.5
SAVIALOVA Olga,Cross-Country Skiing,Russia,37,59.0,166.0,21.4
SAVIC Milos,Bobsleigh,Serbia,22,85.0,182.0,25.7
SAVIN Alina Vera,Bobsleigh,Romania,21,77.0,178.0,24.3
SAVITSKIY Yan,Biathlon,Kazakhstan,22,70.0,175.0,22.9
SBISA Luca,Ice Hockey,Switzerland,20,93.0,188.0,26.3
SCALI Massimo,Figure Skating,Italy,30,,172.0,
SCANZIO Deborah,Freestyle Skiing,Italy,23,65.0,166.0,23.6
SCHAAF Bree,Bobsleigh,United States,29,75.0,178.0,23.7
SCHAD Konstantin,Snowboard,Germany,22,81.0,177.0,25.9
SCHAEFER Carmen,Curling,Switzerland,29,,162.0,
SCHAERER Tanja,Freestyle Skiing,Switzerland,20,55.0,167.0,19.7
SCHAIRER Markus,Snowboard,Austria,22,83.0,177.0,26.5
SCHAUS Molly,Ice Hockey,United States,21,70.0,174.0,23.1
SCHEIBER Mario,Alpine Skiing,Austria,26,84.0,176.0,27.1
SCHELLING Florence,Ice Hockey,Switzerland,20,68.0,174.0,22.5
SCHEMPP Simon,Biathlon,Germany,21,71.0,179.0,22.2
SCHENK Hanne,Bobsleigh,Switzerland,25,78.0,182.0,23.5
SCHIAVON Alberto,Snowboard,Italy,31,73.0,180.0,22.5
SCHIEGL Markus,Luge,Austria,34,73.0,178.0,23.0
SCHIEGL Tobias,Luge,Austria,36,89.0,199.0,22.5
SCHILD Marlies,Alpine Skiing,Austria,28,66.0,172.0,22.3
SCHLEPER Sarah,Alpine Skiing,United States,30,61.0,163.0,23.0
SCHLIERENZAUER Gregor,Ski Jumping,Austria,20,64.0,180.0,19.8
SCHMID Daniel,Bobsleigh,Switzerland,34,102.0,189.0,28.6
SCHMID Jan,Nordic Combined,Norway,26,,180.0,
SCHMID Michael,Freestyle Skiing,Switzerland,25,96.0,193.0,25.8
SCHMID Tommy,Nordic Combined,Switzerland,21,63.0,180.0,19.4
SCHMIDHOFER Nicole,Alpine Skiing,Austria,20,59.0,157.0,23.9
SCHMIDT Christophe,Snowboard,Germany,26,65.0,171.0,22.2
SCHMIDT Christopher,Ice Hockey,Germany,33,96.0,195.0,25.2
SCHMIDT Ulrik,Curling,Denmark,47,,180.0,
SCHMITT Martin,Ski Jumping,Germany,32,65.0,182.0,19.6
SCHNARF Johanna,Alpine Skiing,Italy,25,68.0,172.0,23.0
SCHNEIDER Roger,Speed Skating,Switzerland,26,100.0,203.0,24.3
SCHNOOR Lacy,Freestyle Skiing,United States,24,51.0,157.0,20.7
SCHOCH Simon,Snowboard,Switzerland,31,85.0,184.0,25.1
SCHOENFELDER Olivier,Figure Skating,France,32,,183.0,
SCHOEPP Andrea,Curling,Germany,44,,173.0,
SCHOERGHOFER Philipp,Alpine Skiing,Austria,27,77.0,176.0,24.9
SCHOLZ Corinna,Curling,Germany,20,,173.0,
SCHORI Irene,Curling,Switzerland,26,,173.0,
SCHRAMM Claudia,Bobsleigh,Germany,34,86.0,183.0,25.7
SCHUCHKINA Olga,Cross-Country Skiing,Russia,29,62.0,178.0,19.6
SCHUFFENHAUER Bill,Bobsleigh,United States,36,100.0,183.0,29.9
SCHULTHEISS Adrian,Figure Skating,Sweden,21,,172.0,
SCHUSSLER Brittany,Speed Skating,Canada,24,63.0,169.0,22.1
SCHWARZ Samuel,Speed Skating,Germany,26,83.0,184.0,24.5
SCOTT Peter,Alpine Skiing,South Africa,19,70.0,178.0,22.1
SEABROOK Brent,Ice Hockey,Canada,24,100.0,191.0,27.4
SEBESTYEN Julia,Figure Skating,Hungary,28,,164.0,
SECK Leyti,Alpine Skiing,Senegal,28,,,
SEDIN Daniel,Ice Hockey,Sweden,29,84.0,186.0,24.3
SEDIN Henrik,Ice Hockey,Sweden,29,91.0,188.0,25.7
SEDNEV Serguei,Biathlon,Ukraine,26,71.0,178.0,22.4
SEDOV Petr,Cross-Country Skiing,Russia,19,75.0,187.0,21.4
SEGER Mathias,Ice Hockey,Switzerland,32,86.0,181.0,26.3
SEIDENBERG Dennis,Ice Hockey,Germany,28,91.0,183.0,27.2
SEIFERT Robert,Short Track,Germany,22,79.0,181.0,24.1
SEKERA Andrej,Ice Hockey,Slovakia,23,87.0,183.0,26.0
SELANNE Teemu,Ice Hockey,Finland,39,93.0,183.0,27.8
SEMENOV Serhiy,Biathlon,Ukraine,21,70.0,179.0,21.8
SEMERENKO Valj,Biathlon,Ukraine,24,55.0,160.0,21.5
SEMERENKO Vita,Biathlon,Ukraine,24,55.0,160.0,21.5
SEMIN Alexander,Ice Hockey,Russia,25,93.0,189.0,26.0
SEMPLE Ryan,Alpine Skiing,Canada,27,88.0,183.0,26.3
SENKEL Christin,Bobsleigh,Germany,22,74.0,180.0,22.8
SENKIV Taras,Luge,Ukraine,20,82.0,180.0,25.3
SEO Jung-Hwa,Freestyle Skiing,South Korea,19,56.0,163.0,21.1
SERAIN Emilie,Freestyle Skiing,Switzerland,25,58.0,169.0,20.3
SEREBRAKIAN Ani-Matilda,Alpine Skiing,Armenia,21,68.0,163.0,25.6
SERGEJEVA Maria,Figure Skating,Estonia,17,,165.0,
SERGINA Marina,Ice Hockey,Russia,23,68.0,168.0,24.1
SEROVA Daria,Freestyle Skiing,Russia,27,55.0,158.0,22.0
SERRA Roberto,Short Track,Italy,27,74.0,178.0,23.4
SERVELLE Patrice,Bobsleigh,Monaco,35,90.0,183.0,26.9
SERWA Kelsey,Freestyle Skiing,Canada,20,62.0,168.0,22.0
SETINA Anze,Skeleton,Slovenia,23,85.0,180.0,26.2
SEYD Seyed Sattar,Cross-Country Skiing,Iran,22,68.0,175.0,22.2
SHABALIN Maxim,Figure Skating,Russia,28,,182.0,
SHABANOVA Alla,Speed Skating,Russia,27,68.0,172.0,23.0
SHAMAEV Oleg,Alpine Skiing,Uzbekistan,27,65.0,180.0,20.1
SHANNON Patrick,Skeleton,Ireland,32,78.0,178.0,24.6
SHAPKIN Yury,Freestyle Skiing,Russia,22,80.0,180.0,24.7
SHAPOVALOVA Evgenia,Cross-Country Skiing,Russia,23,57.0,168.0,20.2
SHAW Joh,Snowboard,Australia,27,66.0,173.0,22.1
SHEN Xue,Figure Skating,China,31,,158.0,
SHERPA Dachhiri,Cross-Country Skiing,Nepal,40,74.0,175.0,24.2
SHEVCHENKO Valentina,Cross-Country Skiing,Ukraine,34,51.0,165.0,18.7
SHI Wancheng,Snowboard,China,19,74.0,178.0,23.4
SHI Yao,Ice Hockey,China,23,70.0,178.0,22.1
SHIKHOVA Yekaterina,Speed Skating,Russia,24,68.0,172.0,23.0
SHINYA Shihomi,Speed Skating,Japan,30,51.0,156.0,21.0
SHIPULIN Anton,Biathlon,Russia,22,80.0,185.0,23.4
SHIRIAEV Sergey,Cross-Country Skiing,Russia,27,71.0,181.0,21.7
SHKANOVA Maria,Alpine Skiing,Belarus,20,66.0,166.0,24.0
SHOULDICE Warren,Freestyle Skiing,Canada,26,70.0,177.0,22.3
SHTORK Irina,Figure Skating,Estonia,16,,168.0,
SHUMBARETS Vitaliy,Ski Jumping,Ukraine,26,66.0,181.0,20.1
SHUSTER John,Curling,United States,27,,183.0,
SHYAM Kumar-Dhakal,Alpine Skiing,Nepal,28,68.0,165.0,25.0
SIAMIONAU Mikhail,Biathlon,Belarus,24,64.0,170.0,22.1
SICS Andris,Luge,Latvia,24,87.0,179.0,27.2
SICS Juris,Luge,Latvia,26,82.0,174.0,27.1
SIDOROVA Anna,Curling,Russia,19,,170.0,
SIGURGEIRSSON Stefan Jon,Alpine Skiing,Iceland,20,85.0,184.0,25.1
SIKORA Tomasz,Biathlon,Poland,36,78.0,182.0,23.5
SILOVS Haralds,Speed Skating,Latvia,23,76.0,178.0,24.0
SILOVS Haralds,Short Track,Latvia,23,76.0,178.0,24.0
SILVA Danny,Cross-Country Skiing,Portugal,36,60.0,165.0,22.0
SIM Ben,Cross-Country Skiing,Australia,24,67.0,178.0,21.1
SIMARI BIRKNER Cristian Javier,Alpine Skiing,Argentina,29,90.0,183.0,26.9
SIMARI BIRKNER Macarena,Alpine Skiing,Argentina,25,62.0,167.0,22.2
SIMARI BIRKNER Maria Belen,Alpine Skiing,Argentina,27,60.0,165.0,22.0
SIMIONATO Chiara,Speed Skating,Italy,34,63.0,167.0,22.6
SIMISTER Meaghan,Luge,Canada,23,68.0,171.0,23.3
SIMMEN Matthias,Biathlon,Switzerland,38,85.0,186.0,24.6
SIMMERLING Georgia,Alpine Skiing,Canada,20,67.0,172.0,22.6
SIMOCKO Dusan,Biathlon,Slovakia,26,65.0,174.0,21.5
SIMONCELLI Davide,Alpine Skiing,Italy,31,75.0,175.0,24.5
SIMONLATSER Timo,Cross-Country Skiing,Estonia,23,70.0,175.0,22.9
SINCLAIR Rebecca,Snowboard,New Zealand,18,61.0,166.0,22.1
SINDELAR Petr,Snowboard,Czech Republic,34,85.0,183.0,25.4
SIROKOVS Aleksejs,Ice Hockey,Latvia,28,88.0,182.0,26.6
SIRVIO Saija,Ice Hockey,Finland,27,62.0,172.0,21.0
SISAJOVA Jana,Luge,Slovakia,25,67.0,167.0,24.0
SIVERTZEN Stian,Snowboard,Norway,20,,,
SKALNIKOVA Eva,Cross-Country Skiing,Czech Republic,25,60.0,176.0,19.4
SKARDINO Nadezhda,Biathlon,Belarus,24,50.0,160.0,19.5
SKJELLERUP Blake,Short Track,New Zealand,24,71.0,176.0,22.9
SKOBREV Ivan,Speed Skating,Russia,27,75.0,189.0,21.0
SKOFTERUD Vibeke W,Cross-Country Skiing,Norway,29,,,
SKOPIN Timofey,Speed Skating,Russia,20,78.0,183.0,23.3
SKUBE Matic,Alpine Skiing,Slovenia,21,80.0,184.0,23.6
SKULKINA Anastasia,Bobsleigh,Russia,27,62.0,179.0,19.4
SLAVIK Tomas,Nordic Combined,Czech Republic,28,67.0,179.0,20.9
SLEPTSOVA Svetlana,Biathlon,Russia,23,54.0,162.0,20.6
SLESINGR Michal,Biathlon,Czech Republic,27,75.0,180.0,23.1
SLETTEMARK Oystein,Biathlon,Denmark,42,80.0,188.0,22.6
SLIVETS Assoli,Freestyle Skiing,Belarus,27,60.0,168.0,21.3
SLIVETS Timofei,Freestyle Skiing,Belarus,25,79.0,184.0,23.3
SLONGO Dominique,Ice Hockey,Switzerland,21,55.0,158.0,22.0
SMEEKENS Jan,Speed Skating,Netherlands,23,72.0,176.0,23.2
SMIGUN-VAEHI Kristina,Cross-Country Skiing,Estonia,32,58.0,168.0,20.5
SMIRNOV Alexander,Figure Skating,Russia,25,,180.0,
SMITH Fanny,Freestyle Skiing,Switzerland,17,58.0,166.0,21.0
SMITH Jason,Curling,United States,26,,183.0,
SMITH Leanne,Alpine Skiing,United States,22,70.0,165.0,25.7
SMITH Peter,Curling,Great Britain,45,,189.0,
SMITH Ruben,Ice Hockey,Norway,22,75.0,182.0,22.6
SMOLENTSEVA Ekaterina,Ice Hockey,Russia,28,65.0,176.0,21.0
SMRKOVIC Belma,Cross-Country Skiing,Serbia,19,69.0,174.0,22.8
SMUTNA Katerina,Cross-Country Skiing,Austria,26,58.0,171.0,19.8
SMYSHLYAEV Alexandr,Freestyle Skiing,Russia,22,68.0,170.0,23.5
SNITH Justin,Luge,Canada,18,70.0,176.0,22.6
SOEDERGREN Anders,Cross-Country Skiing,Sweden,32,78.0,182.0,23.5
SOKLIC Mirjam,Cross-Country Skiing,Slovenia,26,66.0,173.0,22.1
SOLA Ivan,Bobsleigh,Croatia,48,92.0,190.0,25.5
SOLOVIEV Dmitri,Figure Skating,Russia,20,,184.0,
SOMMERFELDT Rene,Cross-Country Skiing,Germany,35,70.0,175.0,22.9
SONG Chaoqing,Biathlon,China,18,60.0,170.0,20.8
SONG Weilong,Short Track,China,20,67.0,179.0,20.9
SOSINA Olga,Ice Hockey,Russia,17,66.0,160.0,25.8
SOSTORICS Colleen,Ice Hockey,Canada,30,76.0,163.0,28.6
SOTNIEKS Kristaps,Ice Hockey,Latvia,23,88.0,184.0,26.0
SOTNIKOVA Tatiana,Ice Hockey,Russia,29,59.0,167.0,21.2
SOUKALOVA Gabriela,Biathlon,Czech Republic,20,61.0,169.0,21.4
SOUKUP Jaroslav,Biathlon,Czech Republic,27,68.0,184.0,20.1
SOULIE Francois,Cross-Country Skiing,Andorra,31,68.0,180.0,21.0
SOUTHAM James,Cross-Country Skiing,United States,31,69.0,178.0,21.8
SPAHNI Caroline,Bobsleigh,Switzerland,27,70.0,172.0,23.7
SPALINGER Richard,Freestyle Skiing,Switzerland,34,90.0,178.0,28.4
SPECTOR Laura,Biathlon,United States,22,51.0,152.0,22.1
SPEISER David,Snowboard,Germany,29,92.0,189.0,25.8
SPENCE Brad,Alpine Skiing,Canada,25,95.0,184.0,28.1
SPILLANE Johnny,Nordic Combined,United States,29,67.0,183.0,20.0
SPORN Andrej,Alpine Skiing,Slovenia,28,91.0,188.0,25.7
SPRING Christopher,Bobsleigh,Australia,25,101.0,181.0,30.8
SPRUKTS Janis,Ice Hockey,Latvia,28,95.0,192.0,25.8
SPRUNGER Julien,Ice Hockey,Switzerland,24,90.0,194.0,23.9
ST. ONGE Ryan,Freestyle Skiing,United States,27,75.0,175.0,24.5
STAAL Eric,Ice Hockey,Canada,25,93.0,191.0,25.5
STACK Kelli,Ice Hockey,United States,22,62.0,165.0,22.8
STAICU Dragos,Alpine Skiing,Romania,24,94.0,191.0,25.8
STAMPFER Wolfgang,Bobsleigh,Austria,37,98.0,191.0,26.9
STANA Rastislav,Ice Hockey,Slovakia,30,86.0,186.0,24.9
STAS Andrei,Ice Hockey,Belarus,21,83.0,187.0,23.7
STASENKO Nikolai,Ice Hockey,Belarus,22,104.0,195.0,27.4
STASTNY Paul,Ice Hockey,United States,24,93.0,183.0,27.8
STASZULONEK Ewelina,Luge,Poland,24,60.0,170.0,20.8
STAUDACHER Patrick,Alpine Skiing,Italy,29,93.0,190.0,25.8
STECHER Mario,Nordic Combined,Austria,32,63.0,177.0,20.1
STECHERT Gina,Alpine Skiing,Germany,22,75.0,172.0,25.4
STEFANI Luca,Speed Skating,Italy,22,90.0,193.0,24.2
STEIRA Kristin Stoermer,Cross-Country Skiing,Norway,28,,,
STEPANEK Jakub,Ice Hockey,Czech Republic,23,71.0,187.0,20.3
STEPHAN Christoph,Biathlon,Germany,24,85.0,186.0,24.6
STEPHAN Tobias,Ice Hockey,Switzerland,26,85.0,192.0,23.1
STEPHEN Elizabeth,Cross-Country Skiing,United States,23,52.0,157.0,21.1
STEPUSHKIN Dmitry,Bobsleigh,Russia,34,100.0,186.0,28.9
ST-GELAIS Marianne,Short Track,Canada,19,60.0,162.0,22.9
STICKL Simon,Freestyle Skiing,Germany,22,80.0,180.0,24.7
STIEFEL Anja,Ice Hockey,Switzerland,19,56.0,160.0,21.9
STIELICKE Sandro,Skeleton,Germany,23,88.0,190.0,24.4
STIPANICIC Andrijana,Biathlon,Croatia,28,60.0,173.0,20.0
STOCH Kamil,Ski Jumping,Poland,22,53.0,173.0,17.7
STODDARD Tionette,Skeleton,New Zealand,35,62.0,165.0,22.8
STOECKLI Ralph,Curling,Switzerland,33,,176.0,
STOIAN Alexandra,Biathlon,Romania,26,57.0,168.0,20.2
STOKLASKA Jan,Bobsleigh,Czech Republic,27,92.0,190.0,25.5
STOLYAROVA Ekaterina,Freestyle Skiing,Russia,21,62.0,176.0,20.0
STORTI Cecile,Cross-Country Skiing,France,26,52.0,165.0,19.1
ST-PIERRE Kim,Ice Hockey,Canada,31,71.0,175.0,23.2
STRAMATURARU Raluca,Luge,Romania,24,78.0,173.0,26.1
STRAMATURARU Violeta,Luge,Romania,21,77.0,175.0,25.1
STRANDVALL Matias,Cross-Country Skiing,Finland,24,85.0,191.0,23.3
STRBAK Martin,Ice Hockey,Slovakia,35,96.0,191.0,26.3
STREIT Mark,Ice Hockey,Switzerland,32,93.0,181.0,28.4
STREITBERGER Georg,Alpine Skiing,Austria,28,94.0,185.0,27.5
STROLIA Mantas,Cross-Country Skiing,Lithuania,23,77.0,178.0,24.3
STRUEBIN Simon,Curling,Switzerland,30,,181.0,
STUDEBAKER Sara,Biathlon,United States,25,60.0,168.0,21.3
STUMPEL Jozef,Ice Hockey,Slovakia,37,100.0,190.0,27.7
STURM Marco,Ice Hockey,Germany,31,90.0,181.0,27.5
STYGER Nadia,Alpine Skiing,Switzerland,31,70.0,171.0,23.9
SUCHY Dominik,Bobsleigh,Czech Republic,22,98.0,185.0,28.6
SUDOVA Nikola,Freestyle Skiing,Czech Republic,27,55.0,162.0,21.0
SUDOVA Sarka,Freestyle Skiing,Czech Republic,24,51.0,161.0,19.7
SUGIMORI Teruhiro,Speed Skating,Japan,27,80.0,178.0,25.2
SULEJ Joanna,Figure Skating,Poland,20,,161.0,
SULLIVAN Marco,Alpine Skiing,United States,29,95.0,183.0,28.4
SULZER Alexander,Ice Hockey,Germany,25,92.0,187.0,26.3
SUN Qinghai,Cross-Country Skiing,China,22,83.0,188.0,23.5
SUN Rui,Ice Hockey,China,27,60.0,169.0,21.0
SUN Zhifeng,Snowboard,China,18,58.0,158.0,23.2
SUNG Si-Bak,Short Track,South Korea,22,65.0,178.0,20.5
SUSTERSIC Izidor,Snowboard,Slovenia,32,80.0,185.0,23.4
SUTER Fabienne,Alpine Skiing,Switzerland,25,63.0,167.0,22.6
SUTER Ryan,Ice Hockey,United States,25,90.0,185.0,26.3
SUZUKI Akiko,Figure Skating,Japan,24,,161.0,
SUZUKI Fuyuko,Biathlon,Japan,21,59.0,162.0,22.5
SUZUKI Hiroshi,Bobsleigh,Japan,36,88.0,175.0,28.7
SVAE Christoffer,Curling,Norway,27,,,
SVARTEDAL Jens Arne,Cross-Country Skiing,Norway,34,,,
SVEDIN THUNSTROM Frida,Ice Hockey,Sweden,20,75.0,172.0,25.4
SVENDSEN Emil Hegle,Biathlon,Norway,24,,,
SVINDAL Aksel Lund,Alpine Skiing,Norway,27,,,
SWEENEY Megan,Luge,United States,22,70.0,165.0,25.7
SWIDER-PELTZ JR. Nancy,Speed Skating,United States,23,68.0,173.0,22.7
SYMAN Alexandr,Biathlon,Belarus,32,73.0,177.0,23.3
SZABADOS Shannon,Ice Hockey,Canada,23,66.0,173.0,22.1
SZCZUREK Lukasz,Biathlon,Poland,21,62.0,178.0,19.6
SZOLKOWY Robin,Figure Skating,Germany,30,,175.0,
SZYMKOWIAK Kerstin,Skeleton,Germany,32,69.0,164.0,25.7
TABATA Maki,Speed Skating,Japan,35,55.0,162.0,21.0
TAGSCHERER Imre,Biathlon,Hungary,37,72.0,182.0,21.7
TAGSCHERER Zoltan,Cross-Country Skiing,Hungary,33,78.0,182.0,23.5
TAKAGI Miho,Speed Skating,Japan,15,57.0,163.0,21.5
TAKAHASHI Daisuke,Figure Skating,Japan,23,,165.0,
TAKAHASHI Daito,Nordic Combined,Japan,29,63.0,171.0,21.5
TAKAMIDO Yuzo,Short Track,Japan,22,66.0,170.0,22.8
TAKEUCHI Taku,Ski Jumping,Japan,22,61.0,175.0,19.9
TAKEUCHI Tomoka,Snowboard,Japan,26,64.0,165.0,23.5
TAKIZAWA Hiroomi,Freestyle Skiing,Japan,36,86.0,177.0,27.5
TALAN Roman,Figure Skating,Ukraine,22,,177.0,
TALLINDER Henrik,Ice Hockey,Sweden,31,98.0,193.0,26.3
TALLUS Jaakko,Nordic Combined,Finland,28,56.0,166.0,20.3
TAMBORNINO Eligius,Cross-Country Skiing,Switzerland,23,72.0,183.0,21.5
TAMMJARV Karel,Cross-Country Skiing,Estonia,20,86.0,193.0,23.1
TAN Anqi,Ice Hockey,China,23,67.0,175.0,21.9
TANDE Petter L.,Nordic Combined,Norway,24,,181.0,
TANDY Megan,Biathlon,Canada,21,59.0,170.0,20.4
TANG Liang,Ice Hockey,China,24,54.0,163.0,20.3
TARAN Ionut,Luge,Romania,22,85.0,177.0,27.1
TAYAMA Shinsuke,Skeleton,Japan,27,78.0,177.0,24.9
TAYLOR Palmer,Snowboard,Canada,17,54.0,160.0,21.1
TCHEREZOV Ivan,Biathlon,Russia,29,73.0,173.0,24.4
TCHOUDOV Maxim,Biathlon,Russia,27,65.0,169.0,22.8
TEELA Jeremy,Biathlon,United States,33,82.0,180.0,25.3
TEICHMANN Axel,Cross-Country Skiing,Germany,30,85.0,186.0,24.6
TEKLEMARIAM Robel Zeimichael,Cross-Country Skiing,Ethiopia,35,63.0,177.0,20.1
TEN Denis,Figure Skating,Kazakhstan,16,,164.0,
ter MORS Jorien,Short Track,Netherlands,20,73.0,182.0,22.0
TERENTEVA Svetlana,Ice Hockey,Russia,26,69.0,163.0,26.0
TERENTJEVA Irina,Cross-Country Skiing,Lithuania,25,60.0,168.0,21.3
TERRA Ferran,Alpine Skiing,Spain,22,85.0,178.0,26.8
TESOVIC Martin,Bobsleigh,Slovakia,35,105.0,182.0,31.7
TETER Hannah,Snowboard,United States,23,61.0,170.0,21.1
THALER Patrick,Alpine Skiing,Italy,31,80.0,177.0,25.5
THALMANN Sandra,Ice Hockey,Switzerland,17,67.0,162.0,25.5
THOMAS Tim,Ice Hockey,United States,35,91.0,180.0,28.1
THOR OLSEN Jonas,Cross-Country Skiing,Denmark,32,71.0,187.0,20.3
THORESEN Patrick,Ice Hockey,Norway,26,86.0,180.0,26.5
THORNTON Joe,Ice Hockey,Canada,30,107.0,193.0,28.7
THORVALDSSON Arni,Alpine Skiing,Iceland,25,86.0,183.0,25.7
THOVEX Mirabelle,Snowboard,France,18,60.0,167.0,21.5
TIKKINEN Nina,Ice Hockey,Finland,23,66.0,170.0,22.8
TIMGLAS Katarina,Ice Hockey,Sweden,24,62.0,168.0,22.0
TIMOFEEVA Yulia,Bobsleigh,Russia,37,73.0,173.0,24.4
TIMONEN Kimmo,Ice Hockey,Finland,34,88.0,178.0,27.8
TIRUMA Maija,Luge,Latvia,26,67.0,172.0,22.6
TISCHER Janine,Bobsleigh,Germany,25,75.0,170.0,26.0
TISSOT Maxime,Alpine Skiing,France,23,81.0,184.0,23.9
TKACHEVA Svetlana,Ice Hockey,Russia,25,63.0,170.0,21.8
TOBRELUTS Indrek,Biathlon,Estonia,33,73.0,184.0,21.6
TOCHIMOTO Shohei,Ski Jumping,Japan,20,58.0,174.0,19.2
TOEWS Jonathan,Ice Hockey,Canada,21,95.0,188.0,26.9
TOFALVI Eva,Biathlon,Romania,31,60.0,172.0,20.3
TOLA Erjon,Alpine Skiing,Albania,23,74.0,181.0,22.6
TOLLEFSEN Ole Kristian,Ice Hockey,Norway,25,96.0,188.0,27.2
TOMASEVICZ Curtis,Bobsleigh,United States,29,102.0,185.0,29.8
TOMCIKOVA Zuzana,Ice Hockey,Slovakia,21,73.0,176.0,23.6
TONG Jian,Figure Skating,China,30,,180.0,
TORRES Agustin,Alpine Skiing,Argentina,31,72.0,171.0,24.6
TOSINI Fabrizio,Bobsleigh,Italy,40,,,
TRACHSEL Doris,Cross-Country Skiing,Switzerland,25,65.0,175.0,21.2
TRACHUK Volodymyr,Nordic Combined,Ukraine,25,67.0,176.0,21.6
TRANKOV Maxim,Figure Skating,Russia,26,,186.0,
TRAVERS Dow,Alpine Skiing,Cayman Islands,22,86.0,180.0,26.5
TREJBAL Filip,Alpine Skiing,Czech Republic,25,99.0,193.0,26.6
TRELEVSKI Dmitry,Alpine Skiing,Kyrgyzstan,26,75.0,182.0,22.6
TREMBLAY Francois-Louis,Short Track,Canada,29,73.0,173.0,24.4
TRETIAKOV Alexander,Skeleton,Russia,24,72.0,184.0,21.3
TRIFONOV Alexandr,Biathlon,Kazakhstan,23,75.0,180.0,23.1
TRIPP John,Ice Hockey,Germany,32,103.0,192.0,27.9
TRMCIC Marija,Alpine Skiing,Serbia,23,67.0,173.0,22.4
TROTT Marion,Skeleton,Germany,25,63.0,168.0,22.3
TRUNENKOV Dmitry,Bobsleigh,Russia,25,104.0,186.0,30.1
TRUNOVA Svetlana,Skeleton,Russia,26,60.0,165.0,22.0
TRYGG Mats,Ice Hockey,Norway,33,83.0,179.0,25.9
TSAKIRI Panagiota,Biathlon,Greece,19,58.0,172.0,19.6
TSAKIRIS Athanassios,Biathlon,Greece,45,70.0,180.0,21.6
TSCHARNKE Tim,Cross-Country Skiing,Germany,20,75.0,182.0,22.6
TSIKLAURI Nino,Alpine Skiing,Georgia,16,60.0,168.0,21.3
TSIMIKALIS Stephanos,Alpine Skiing,Greece,24,82.0,178.0,25.9
TSUKITA Yugo,Freestyle Skiing,Japan,33,69.0,172.0,23.3
TSUPER Alla,Freestyle Skiing,Belarus,30,53.0,153.0,22.6
TUDEGESHEVA Ekaterina,Snowboard,Russia,22,65.0,162.0,24.8
TUITERT Mark,Speed Skating,Netherlands,29,84.0,182.0,25.4
TULUBJEVS Pavels,Bobsleigh,Latvia,24,100.0,188.0,28.3
TUOMINEN Minnamari,Ice Hockey,Finland,19,67.0,165.0,24.6
TUOMINEN Saara,Ice Hockey,Finland,24,65.0,169.0,22.8
TURKSEVER Erdinc,Alpine Skiing,Turkey,24,82.0,183.0,24.5
TURRI Mirko,Bobsleigh,Italy,28,84.0,175.0,27.4
TURYSHEVA Elena,Cross-Country Skiing,Russia,24,55.0,171.0,18.8
TYUTIN Fedor,Ice Hockey,Russia,26,92.0,188.0,26.0
TZINZOV Veselin,Cross-Country Skiing,Bulgaria,23,65.0,170.0,22.5
UGAROV Aleksei,Ice Hockey,Belarus,25,80.0,179.0,25.0
UHLAENDER Katie,Skeleton,United States,25,64.0,163.0,24.1
UHRMANN Michael,Ski Jumping,Germany,31,67.0,182.0,20.2
ULRICH Renato,Freestyle Skiing,Switzerland,26,68.0,178.0,21.5
ULSRUD Thomas,Curling,Norway,38,,,
UPPERTON Helen,Bobsleigh,Canada,30,73.0,176.0,23.6
URBAS Gregor,Figure Skating,Slovenia,27,,177.0,
USTYNOWICZ Maciej,Speed Skating,Poland,26,75.0,177.0,23.9
USTYUGOV Evgeny,Biathlon,Russia,24,65.0,168.0,23.0
VACULIK Lukas,Freestyle Skiing,Czech Republic,23,64.0,169.0,22.4
VACULIKOVA Tereza,Freestyle Skiing,Czech Republic,17,55.0,163.0,20.7
VAEAENAENEN Jesse,Cross-Country Skiing,Finland,26,91.0,197.0,23.4
VAFINA Aleksandra,Ice Hockey,Russia,19,57.0,168.0,20.2
VAICIULIS Modestas,Cross-Country Skiing,Lithuania,20,79.0,183.0,23.6
VAILLANCOURT Sarah,Ice Hockey,Canada,24,63.0,168.0,22.3
VAJDIC Bernard,Alpine Skiing,Slovenia,29,84.0,179.0,26.2
VALBUSA Sabina,Cross-Country Skiing,Italy,38,58.0,167.0,20.8
VALCEPINA Martina,Short Track,Italy,17,58.0,168.0,20.5
VALENCIC Mitja,Alpine Skiing,Slovenia,32,80.0,178.0,25.2
VALIMAKI Linda,Ice Hockey,Finland,19,62.0,165.0,22.8
VALIULLIN Rustam,Biathlon,Belarus,33,74.0,180.0,22.8
VALKENBURG Diane,Speed Skating,Netherlands,25,66.0,172.0,22.3
van CALKER Arnold,Bobsleigh,Netherlands,33,107.0,191.0,29.3
van CALKER Edwin,Bobsleigh,Netherlands,30,99.0,187.0,28.3
van de KIEFT Arjen,Speed Skating,Netherlands,24,,,
van den BOGAERT Jeroen,Alpine Skiing,Belgium,30,78.0,181.0,23.8
van der HORST Fredrik,Speed Skating,Norway,20,,,
van der PERREN Kevin,Figure Skating,Belgium,27,,177.0,
"VAN DER WAL, Dolf",Snowboard,Netherlands,22,83.0,187.0,23.7
van DOORN Annita,Short Track,Netherlands,26,60.0,168.0,21.3
van KERKHOF Sanne,Short Track,Netherlands,22,57.0,163.0,21.5
van RIESSEN Laurine,Speed Skating,Netherlands,22,62.0,167.0,22.2
VANHATALO Anna,Ice Hockey,Finland,25,65.0,178.0,20.5
VARLAMOV Semen,Ice Hockey,Russia,21,88.0,182.0,26.6
VASICEK Josef,Ice Hockey,Czech Republic,29,91.0,194.0,24.2
VASILJEVS Herberts,Ice Hockey,Latvia,33,82.0,181.0,25.0
VASILJONOK Olga,Cross-Country Skiing,Belarus,29,70.0,177.0,22.3
VASILYEV Victor,Biathlon,Russia,22,75.0,181.0,22.9
VAULTIER Pierre,Snowboard,France,22,76.0,186.0,22.0
VAYGINA-EFREMOVA Lilia,Biathlon,Ukraine,32,49.0,152.0,21.2
VEENSTRA Tine,Bobsleigh,Netherlands,26,78.0,183.0,23.3
VEERPALU Andrus,Cross-Country Skiing,Estonia,39,75.0,182.0,22.6
VEJNAROVA Zdenka,Biathlon,Czech Republic,28,52.0,169.0,18.2
VELICHKO Yevgeniy,Cross-Country Skiing,Kazakhstan,22,70.0,178.0,22.1
VELICKOVA Martina,Ice Hockey,Slovakia,20,55.0,163.0,20.7
VERBILLO Sergei,Figure Skating,Ukraine,25,,182.0,
VERGES Ruben,Snowboard,Spain,22,80.0,182.0,24.2
VERNER Tomas,Figure Skating,Czech Republic,23,,180.0,
VESELY Milos,Bobsleigh,Czech Republic,37,97.0,180.0,29.9
VETTER Jessie,Ice Hockey,United States,24,70.0,174.0,23.1
VEVERS Lorna,Curling,Great Britain,29,,170.0,
VIIGIPUU Kristel,Biathlon,Estonia,19,57.0,166.0,20.7
VIKINGSTAD Tore,Ice Hockey,Norway,34,93.0,191.0,25.5
VIKS Priit,Biathlon,Estonia,28,74.0,180.0,22.8
VILANDT Lars,Curling,Denmark,35,,184.0,
VILARRUBLA Vicenc,Cross-Country Skiing,Spain,29,70.0,177.0,22.3
VILETTA Sandro,Alpine Skiing,Switzerland,24,77.0,177.0,24.6
VINA Emilie,Cross-Country Skiing,France,27,56.0,160.0,21.9
VINCOUR David,Figure Skating,Czech Republic,25,,190.0,
VIRTUE Tessa,Figure Skating,Canada,20,,162.0,
VISNAR Katja,Cross-Country Skiing,Slovenia,25,63.0,174.0,20.8
VISNOVSKY Lubomir,Ice Hockey,Slovakia,33,85.0,177.0,27.1
VITEK Zdenek,Biathlon,Czech Republic,32,74.0,180.0,22.8
VITKOVA Veronika,Biathlon,Czech Republic,21,57.0,166.0,20.7
VITO Louie,Snowboard,United States,21,68.0,165.0,25.0
VITTOZ Vincent,Cross-Country Skiing,France,34,71.0,181.0,21.7
VODSEDALEK Ales,Nordic Combined,Czech Republic,24,68.0,182.0,20.5
VOEVODA Alexey,Bobsleigh,Russia,29,115.0,194.0,30.6
VOKOUN Tomas,Ice Hockey,Czech Republic,33,85.0,187.0,24.3
VOLCHENKOV Anton,Ice Hockey,Russia,27,105.0,187.0,30.0
VOLKOV Andrey,Freestyle Skiing,Russia,23,70.0,172.0,23.7
VOLKOV Sergey,Freestyle Skiing,Russia,22,77.0,178.0,24.3
VOLKOVA Olga,Freestyle Skiing,Ukraine,23,52.0,161.0,20.1
VOLOSOZHAR Tatiana,Figure Skating,Ukraine,23,,160.0,
von ALLMEN Peter,Cross-Country Skiing,Switzerland,32,83.0,188.0,23.5
von HOHENLOHE Hubertus,Alpine Skiing,Mexico,51,82.0,184.0,24.2
VONN Lindsey,Alpine Skiing,United States,25,75.0,178.0,23.7
VOORHUIS Jorien,Speed Skating,Netherlands,25,68.0,175.0,22.2
VOS Maaike,Short Track,Netherlands,24,52.0,159.0,20.6
VOUTILAINEN Marjo,Ice Hockey,Finland,28,70.0,168.0,24.8
VRABLIK Martin,Alpine Skiing,Czech Republic,27,82.0,175.0,26.8
VRBA Jan,Bobsleigh,Czech Republic,28,85.0,186.0,24.6
VUILLERMOZ Rene Laurent,Biathlon,Italy,32,75.0,179.0,23.4
VYLEGZHANIN Maxim,Cross-Country Skiing,Russia,27,68.0,174.0,22.5
VYSOKOVA Svetlana,Speed Skating,Russia,37,65.0,168.0,23.0
WAGNER Monika,Curling,Germany,44,,170.0,
WALCHHOFER Michael,Alpine Skiing,Austria,34,101.0,192.0,27.4
WALDEN Bengt,Luge,United States,36,88.0,180.0,27.2
WALDER Ingemar,Snowboard,Austria,31,82.0,177.0,26.2
WALKER Paula,Bobsleigh,Great Britain,23,92.0,181.0,28.1
WALKER Tristan,Luge,Canada,18,80.0,185.0,23.4
WANG Beixing,Speed Skating,China,24,64.0,172.0,21.6
WANG Bingyu,Curling,China,25,,165.0,
WANG Chunli,Biathlon,China,26,55.0,165.0,20.2
WANG Fei,Speed Skating,China,27,66.0,168.0,23.4
WANG Fengchun,Curling,China,28,,180.0,
WANG Linuo,Ice Hockey,China,30,57.0,160.0,22.3
WANG Meng,Short Track,China,24,58.0,167.0,20.8
WANG Nan,Speed Skating,China,22,75.0,180.0,23.1
WANK Andreas,Ski Jumping,Germany,21,72.0,189.0,20.2
WARD Catherine,Ice Hockey,Canada,22,61.0,168.0,21.6
WATABE Akito,Nordic Combined,Japan,21,60.0,173.0,20.0
WATANABE Graham,Snowboard,United States,27,70.0,168.0,24.8
WEBER Marco,Speed Skating,Germany,27,76.0,178.0,24.0
WEBER Shea,Ice Hockey,Canada,24,105.0,193.0,28.2
WEBER Yannick,Ice Hockey,Switzerland,21,89.0,179.0,27.8
WEBSTER Brittany,Cross-Country Skiing,Canada,22,57.0,168.0,20.2
WEGER Benjamin,Biathlon,Switzerland,20,72.0,180.0,22.2
WEIBRECHT Andrew,Alpine Skiing,United States,24,84.0,170.0,29.1
WEILAND Kerry,Ice Hockey,United States,29,62.0,163.0,23.3
WEINHANDL Mattias,Ice Hockey,Sweden,29,88.0,182.0,26.6
WEIR Johnny,Figure Skating,United States,25,,175.0,
WENDE Daniel,Figure Skating,Germany,25,,181.0,
WENDEL LUNDHOLDT Julie,Snowboard,Denmark,26,80.0,179.0,25.0
WENDEL Ole-Christian,Nordic Combined,Norway,18,,180.0,
WENZL Josef,Cross-Country Skiing,Germany,25,86.0,188.0,24.3
WESCOTT Seth,Snowboard,United States,33,91.0,185.0,26.6
WHELBOURNE Jack,Short Track,Great Britain,18,61.0,176.0,19.7
WHITE Charlie,Figure Skating,United States,22,,175.0,
WHITE Shaun,Snowboard,United States,23,70.0,175.0,22.9
WHITE Trevor,Alpine Skiing,Canada,25,77.0,175.0,25.1
WHITMORE Mitchell,Speed Skating,United States,20,77.0,178.0,24.3
WHITNEY Ryan,Ice Hockey,United States,26,99.0,193.0,26.6
WICK Roman,Ice Hockey,Switzerland,24,90.0,187.0,25.7
WICKENHEISER Hayley,Ice Hockey,Canada,31,77.0,178.0,24.3
WIIK Lisa,Snowboard,Norway,30,,,
WILHELM Kati,Biathlon,Germany,33,63.0,172.0,21.3
WILLEMARCK Eva,Bobsleigh,Belgium,25,70.0,172.0,23.7
WILLEMSEN Elfje,Bobsleigh,Belgium,25,76.0,174.0,25.1
WILLIAMS Amy,Skeleton,Great Britain,27,60.0,173.0,20.0
WILLIAMS Madeleine,Cross-Country Skiing,Canada,26,55.0,163.0,20.7
WILSON Bryon,Freestyle Skiing,United States,21,73.0,178.0,23.0
WINBERG Pernilla,Ice Hockey,Sweden,20,63.0,165.0,23.1
WINDISCH Markus,Biathlon,Italy,25,79.0,185.0,23.1
WINDISCH Veronika,Short Track,Austria,27,55.0,162.0,21.0
WISCHNEWSKI Anke,Luge,Germany,32,83.0,178.0,26.2
WITEK Lukasz,Biathlon,Poland,24,78.0,180.0,24.1
WITTNER Markus,Freestyle Skiing,Austria,36,84.0,174.0,27.7
WOERNER Anna,Freestyle Skiing,Germany,20,79.0,175.0,25.8
WOLF Alexander,Biathlon,Germany,31,90.0,191.0,24.7
WOLF Michael,Ice Hockey,Germany,29,80.0,177.0,25.5
WOOD Kelly,Curling,Great Britain,28,,154.0,
WORLEY Tessa,Alpine Skiing,France,20,57.0,157.0,23.1
WORTH Paul,Short Track,Great Britain,24,85.0,181.0,25.9
WOTHERSPOON Jeremy,Speed Skating,Canada,33,85.0,190.0,23.5
WOZNIAK Katarzyna,Speed Skating,Poland,20,60.0,174.0,19.8
WRIGHT Neville,Bobsleigh,Canada,29,97.0,183.0,29.0
WUNDER Richard,Bobsleigh,Liechtenstein,25,85.0,183.0,25.4
WUST Ireen,Speed Skating,Netherlands,23,65.0,168.0,23.0
WUSTLICH Torsten,Luge,Germany,33,72.0,170.0,24.9
WYSS Stefanie,Ice Hockey,Switzerland,24,62.0,164.0,23.1
XIA Lina,Alpine Skiing,China,22,60.0,160.0,23.4
XING Aihua,Speed Skating,China,32,63.0,168.0,22.3
XU Mengtao,Freestyle Skiing,China,19,55.0,165.0,20.2
XU Wenlong,Cross-Country Skiing,China,22,70.0,172.0,23.7
YAKUSHENKO Nataliia,Luge,Ukraine,37,80.0,174.0,26.4
YAMAOKA Soko,Snowboard,Japan,35,56.0,162.0,21.3
YAMAURA Mayo,Curling,Japan,25,,164.0,
YANETANI Eri,Snowboard,Japan,25,65.0,171.0,22.2
YASUDA Aya,Luge,Japan,27,60.0,164.0,22.3
YESIN Aleksey,Speed Skating,Russia,22,85.0,178.0,26.8
YOSHII Sayuri,Speed Skating,Japan,25,60.0,167.0,21.5
YOSHIZAWA Jumpei,Short Track,Japan,24,64.0,170.0,22.1
YOUNG Andrew,Cross-Country Skiing,Great Britain,17,83.0,193.0,22.3
YU Baiwei,Ice Hockey,China,21,68.0,166.0,24.7
YU Fengtong,Speed Skating,China,25,75.0,170.0,26.0
YU Jing,Speed Skating,China,24,55.0,163.0,20.7
YUDINA Elena,Skeleton,Russia,21,66.0,170.0,22.8
YUE Qingshuang,Curling,China,24,,165.0,
ZACHER Heidi,Freestyle Skiing,Germany,21,58.0,167.0,20.8
ZADELENOV Sergei,Ice Hockey,Belarus,33,88.0,178.0,27.8
ZADOROZHNIUK Anna,Figure Skating,Ukraine,25,,164.0,
ZAHROBSKA Sarka,Alpine Skiing,Czech Republic,25,70.0,175.0,22.9
ZAHROBSKY Petr,Alpine Skiing,Czech Republic,29,93.0,180.0,28.7
ZAITSEVA Olga,Biathlon,Russia,31,64.0,169.0,22.4
ZAKHARKIV Roman,Luge,Ukraine,19,81.0,176.0,26.1
ZAKHAROV Ruslan,Short Track,Russia,22,70.0,170.0,24.2
ZAKOURILOVA Petra,Alpine Skiing,Czech Republic,31,68.0,170.0,23.5
ZAKRESKI Kimiko,Snowboard,Canada,26,66.0,173.0,22.1
ZAKURDAEV Igor,Alpine Skiing,Kazakhstan,23,98.0,187.0,28.0
ZALIMS Ugis,Bobsleigh,Latvia,23,92.0,182.0,27.8
ZAMANSKY Jake,Alpine Skiing,United States,28,84.0,178.0,26.5
ZANG Jialiang,Curling,China,22,,175.0,
ZANGERL Thomas,Freestyle Skiing,Austria,26,75.0,180.0,23.1
ZANOLETTI Costanza,Skeleton,Italy,29,60.0,173.0,20.0
ZARETSKY Alexandra,Figure Skating,Israel,22,,160.0,
ZARETSKY Roman,Figure Skating,Israel,26,,180.0,
ZARIPOV Danis,Ice Hockey,Russia,28,79.0,184.0,23.3
ZAUGG-SIERGIEJ Jinelle,Ice Hockey,United States,23,80.0,183.0,23.9
ZAVALIJ Tatjana,Cross-Country Skiing,Ukraine,28,55.0,158.0,22.0
ZAVARZINA Alena,Snowboard,Russia,20,60.0,175.0,19.6
ZAVOZIN Maxim,Figure Skating,Hungary,24,,179.0,
ZBLEWSKI Michal,Bobsleigh,Poland,29,95.0,186.0,27.5
ZEBROWSKI Gary,Snowboard,France,25,75.0,180.0,23.1
ZEDNIK Richard,Ice Hockey,Slovakia,34,87.0,186.0,25.1
ZELLER Katrin,Cross-Country Skiing,Germany,30,62.0,171.0,21.2
ZENG Xiaoye,Snowboard,China,18,60.0,175.0,19.6
ZETTEL Kathrin,Alpine Skiing,Austria,23,63.0,167.0,22.6
ZETTERBERG Henrik,Ice Hockey,Sweden,29,86.0,183.0,25.7
ZHANG Ben,Ice Hockey,China,24,61.0,170.0,21.1
ZHANG Chengye,Biathlon,China,27,70.0,175.0,22.9
ZHANG Dan,Figure Skating,China,24,,167.0,
ZHANG Hao,Figure Skating,China,25,,181.0,
ZHANG Hui,Short Track,China,21,58.0,160.0,22.7
ZHANG Mengying,Ice Hockey,China,16,55.0,166.0,20.0
ZHANG Shuang,Speed Skating,China,23,60.0,165.0,22.0
ZHANG Shuang,Ice Hockey,China,22,58.0,162.0,22.1
ZHANG Zhongqi,Speed Skating,China,27,78.0,181.0,23.8
ZHAO Hongbo,Figure Skating,China,36,,177.0,
ZHAO Nannan,Short Track,China,19,53.0,162.0,20.2
ZHENG Xun,Figure Skating,China,22,,188.0,
ZHOU Yan,Curling,China,27,,165.0,
ZHOU Yang,Short Track,China,18,57.0,165.0,20.9
ZIDLICKY Marek,Ice Hockey,Czech Republic,33,81.0,178.0,25.6
ZIEGLER Miriam,Figure Skating,Austria,15,,156.0,
ZINI Katia,Short Track,Italy,28,58.0,164.0,21.6
ZINOVYEV Sergey,Ice Hockey,Russia,29,78.0,180.0,24.1
ZLOTKOWSKA Luiza,Speed Skating,Poland,23,55.0,160.0,21.5
ZMORAY Tomas,Ski Jumping,Slovakia,20,67.0,187.0,19.2
ZOEGGELER Armin,Luge,Italy,36,86.0,180.0,26.5
ZOLLINGER Sabrina,Ice Hockey,Switzerland,16,65.0,162.0,24.8
ZORZI Cristian,Cross-Country Skiing,Italy,37,78.0,184.0,23.0
ZRNCIC-DIM Natko,Alpine Skiing,Croatia,23,86.0,177.0,27.5
ZUBKOV Alexsandr,Bobsleigh,Russia,35,105.0,187.0,30.0
ZUCCARELLO AASEN Mats,Ice Hockey,Norway,22,73.0,171.0,25.0
ZUEV Stepan,Alpine Skiing,Russia,21,90.0,189.0,25.2
ZURBRIGGEN Silvan,Alpine Skiing,Switzerland,28,94.0,185.0,27.5
ZUZULOVA Veronika,Alpine Skiing,Slovakia,25,72.0,172.0,24.3
ZVARICOVA Veronika,Biathlon,Czech Republic,21,62.0,176.0,20.0
ZVEJNIEKS Kristaps,Alpine Skiing,Latvia,17,87.0,185.0,25.4
